Usuario,UID,Fecha,Hora,Tipo de acceso,Estado
User_040,24D9,2026-02-14,13:53:12,Salida,Permitido
User_018,0888,2026-05-11,05:55:12,Salida,Permitido
User_014,0D69,2026-03-30,16:11:12,Entrada,Permitido
User_016,17A3,2026-05-03,05:58:12,Salida,Permitido
User_045,1956,2026-03-23,09:36:12,Salida,Permitido
User_044,1C43,2026-02-18,10:35:12,Entrada,Permitido
User_008,1532,2026-03-17,14:53:12,Entrada,Permitido
User_007,05BA,2026-04-24,18:19:12,Entrada,Permitido
User_023,0DE6,2026-04-13,17:51:12,Entrada,Permitido
User_035,11CC,2026-03-29,09:25:12,Salida,Permitido
User_014,0D69,2026-03-09,02:53:12,Entrada,Permitido
User_032,221E,2026-04-03,16:43:12,Salida,Permitido
User_039,2640,2026-02-25,09:43:12,Salida,Permitido
User_028,0E96,2026-04-17,15:53:12,Salida,Permitido
User_006,1C61,2026-03-10,10:41:12,Salida,Permitido
User_028,0E96,2026-05-10,15:50:12,Salida,Permitido
User_027,04A5,2026-04-13,09:38:12,Entrada,Permitido
User_042,0E1C,2026-03-26,10:35:12,Salida,Permitido
User_032,221E,2026-05-09,10:00:12,Entrada,Permitido
User_039,2640,2026-02-12,18:14:12,Entrada,Permitido
User_017,1CFC,2026-04-10,14:05:12,Entrada,Permitido
User_001,204E,2026-03-01,22:13:12,Entrada,Permitido
User_006,1C61,2026-03-14,10:07:12,Entrada,Permitido
User_024,2291,2026-04-20,14:03:12,Salida,Permitido
User_048,240A,2026-02-26,11:17:12,Salida,Permitido
User_036,131A,2026-03-01,16:37:12,Entrada,Permitido
User_032,221E,2026-04-22,15:50:12,Salida,Permitido
User_028,0E96,2026-04-08,09:36:12,Entrada,Permitido
User_042,0E1C,2026-02-17,18:08:12,Entrada,Permitido
User_001,204E,2026-03-30,15:23:12,Salida,Permitido
User_009,19B2,2026-03-01,15:35:12,Entrada,Permitido
User_011,0A7D,2026-04-23,14:47:12,Salida,Permitido
User_035,11CC,2026-05-10,14:05:12,Entrada,Denegado
User_036,131A,2026-03-15,08:15:12,Entrada,Permitido
User_020,1121,2026-02-18,14:44:12,Entrada,Permitido
User_022,25C2,2026-03-04,16:57:12,Salida,Denegado
User_008,1532,2026-03-09,05:44:12,Salida,Permitido
User_005,1A4E,2026-04-12,09:59:12,Entrada,Permitido
User_049,1038,2026-02-27,12:57:12,Salida,Permitido
User_041,2141,2026-03-19,13:35:12,Entrada,Permitido
User_031,0B53,2026-04-11,11:32:12,Entrada,Permitido
User_003,18F6,2026-02-28,16:36:12,Entrada,Permitido
User_003,18F6,2026-03-28,13:33:12,Entrada,Permitido
User_042,0E1C,2026-02-12,09:37:12,Salida,Permitido
User_043,1F69,2026-03-30,05:37:12,Salida,Permitido
User_013,1F0D,2026-04-11,15:09:12,Entrada,Permitido
User_020,1121,2026-04-16,12:25:12,Salida,Permitido
User_028,0E96,2026-04-17,10:43:12,Salida,Permitido
User_025,0BE7,2026-04-09,06:09:12,Salida,Permitido
User_042,0E1C,2026-04-21,14:26:12,Entrada,Permitido
User_033,08DB,2026-02-18,10:16:12,Entrada,Permitido
User_032,221E,2026-03-29,15:46:12,Salida,Permitido
User_013,1F0D,2026-03-12,12:30:12,Entrada,Permitido
User_037,266E,2026-05-11,12:04:12,Entrada,Permitido
User_012,06E9,2026-02-11,11:45:12,Entrada,Permitido
User_025,0BE7,2026-02-11,11:27:12,Entrada,Permitido
User_005,1A4E,2026-03-04,08:33:12,Entrada,Permitido
User_005,1A4E,2026-03-29,14:00:12,Entrada,Denegado
User_005,1A4E,2026-04-27,10:41:12,Salida,Permitido
User_005,1A4E,2026-03-16,18:03:12,Entrada,Permitido
User_032,221E,2026-02-11,20:27:12,Entrada,Permitido
User_049,1038,2026-03-14,14:38:12,Salida,Permitido
User_035,11CC,2026-03-15,21:48:12,Salida,Permitido
User_040,24D9,2026-04-25,05:54:12,Entrada,Permitido
User_031,0B53,2026-03-28,11:19:12,Entrada,Permitido
User_034,09E0,2026-02-17,13:15:12,Salida,Permitido
User_011,0A7D,2026-03-11,13:08:12,Entrada,Permitido
User_024,2291,2026-04-15,10:46:12,Salida,Permitido
User_018,0888,2026-03-06,13:23:12,Entrada,Permitido
User_025,0BE7,2026-03-12,17:28:12,Entrada,Permitido
User_025,0BE7,2026-05-07,10:47:12,Entrada,Permitido
User_012,06E9,2026-02-19,11:18:12,Salida,Permitido
User_019,15B3,2026-02-26,05:36:12,Salida,Permitido
User_023,0DE6,2026-02-26,12:08:12,Entrada,Permitido
User_039,2640,2026-02-24,04:34:12,Entrada,Permitido
User_047,06EF,2026-04-27,20:20:12,Salida,Permitido
User_038,18F9,2026-02-17,07:20:12,Salida,Permitido
User_005,1A4E,2026-03-11,11:48:12,Entrada,Permitido
User_045,1956,2026-04-16,11:18:12,Salida,Permitido
User_006,1C61,2026-03-13,14:30:12,Salida,Permitido
User_027,04A5,2026-04-25,11:39:12,Salida,Permitido
User_008,1532,2026-04-12,12:52:12,Salida,Permitido
User_028,0E96,2026-04-13,10:36:12,Salida,Permitido
User_006,1C61,2026-04-09,03:55:12,Salida,Permitido
User_047,06EF,2026-03-03,12:30:12,Salida,Permitido
User_041,2141,2026-03-31,14:25:12,Entrada,Denegado
User_003,18F6,2026-02-26,14:21:12,Salida,Permitido
User_012,06E9,2026-03-06,13:39:12,Entrada,Permitido
User_036,131A,2026-05-11,07:39:12,Entrada,Denegado
User_027,04A5,2026-04-14,10:28:12,Entrada,Permitido
User_013,1F0D,2026-03-11,12:16:12,Salida,Permitido
User_030,161A,2026-02-15,16:06:12,Entrada,Permitido
User_018,0888,2026-03-31,18:36:12,Salida,Permitido
User_013,1F0D,2026-03-15,10:45:12,Entrada,Permitido
User_021,1CE4,2026-04-06,14:42:12,Salida,Permitido
User_023,0DE6,2026-04-04,14:48:12,Salida,Permitido
User_021,1CE4,2026-04-29,10:56:12,Salida,Permitido
User_049,1038,2026-03-14,09:45:12,Entrada,Permitido
User_026,0EA3,2026-03-16,19:01:12,Salida,Permitido
User_005,1A4E,2026-04-08,12:28:12,Entrada,Permitido
User_015,18A7,2026-05-06,17:50:12,Entrada,Permitido
User_038,18F9,2026-04-01,15:45:12,Salida,Permitido
User_034,09E0,2026-04-03,04:26:12,Entrada,Permitido
User_017,1CFC,2026-02-15,20:40:12,Entrada,Permitido
User_010,246A,2026-02-27,11:45:12,Salida,Permitido
User_043,1F69,2026-03-25,06:59:12,Entrada,Permitido
User_023,0DE6,2026-04-06,05:27:12,Salida,Permitido
User_025,0BE7,2026-04-18,18:43:12,Entrada,Permitido
User_050,0A19,2026-04-12,10:33:12,Entrada,Permitido
User_041,2141,2026-02-22,09:37:12,Salida,Permitido
User_026,0EA3,2026-03-27,10:58:12,Salida,Permitido
User_030,161A,2026-04-14,11:59:12,Entrada,Permitido
User_001,204E,2026-02-18,10:26:12,Entrada,Permitido
User_014,0D69,2026-05-11,15:39:12,Entrada,Permitido
User_045,1956,2026-03-08,15:57:12,Salida,Permitido
User_018,0888,2026-03-20,14:46:12,Entrada,Permitido
User_037,266E,2026-03-10,10:55:12,Entrada,Permitido
User_025,0BE7,2026-04-19,08:21:12,Salida,Permitido
User_047,06EF,2026-05-07,20:00:12,Salida,Permitido
User_037,266E,2026-02-16,16:03:12,Salida,Permitido
User_045,1956,2026-04-21,07:33:12,Entrada,Permitido
User_048,240A,2026-02-14,15:41:12,Entrada,Permitido
User_031,0B53,2026-03-06,02:47:12,Salida,Permitido
User_020,1121,2026-04-26,15:15:12,Entrada,Denegado
User_030,161A,2026-04-02,15:22:12,Salida,Permitido
User_044,1C43,2026-02-15,16:17:12,Salida,Permitido
User_020,1121,2026-03-02,11:37:12,Salida,Permitido
User_011,0A7D,2026-04-28,11:54:12,Salida,Permitido
User_010,246A,2026-02-15,17:12:12,Entrada,Permitido
User_009,19B2,2026-04-26,10:26:12,Entrada,Permitido
User_030,161A,2026-03-31,15:01:12,Entrada,Permitido
User_009,19B2,2026-03-16,15:23:12,Entrada,Permitido
User_022,25C2,2026-04-11,12:52:12,Salida,Permitido
User_035,11CC,2026-05-06,13:48:12,Salida,Permitido
User_026,0EA3,2026-04-13,16:36:12,Salida,Permitido
User_040,24D9,2026-02-24,11:43:12,Entrada,Permitido
User_023,0DE6,2026-04-14,06:44:12,Entrada,Permitido
User_040,24D9,2026-04-02,13:50:12,Entrada,Permitido
User_007,05BA,2026-04-02,09:26:12,Salida,Permitido
User_030,161A,2026-03-09,11:47:12,Salida,Permitido
User_037,266E,2026-03-09,20:10:12,Salida,Permitido
User_013,1F0D,2026-03-13,14:58:12,Salida,Permitido
User_015,18A7,2026-03-11,08:15:12,Salida,Permitido
User_031,0B53,2026-03-19,00:47:12,Salida,Permitido
User_020,1121,2026-02-21,12:17:12,Entrada,Permitido
User_046,1FA3,2026-02-22,14:37:12,Salida,Permitido
User_025,0BE7,2026-04-11,09:59:12,Salida,Permitido
User_008,1532,2026-03-13,14:09:12,Entrada,Permitido
User_014,0D69,2026-03-22,11:37:12,Salida,Permitido
User_001,204E,2026-04-14,12:05:12,Entrada,Permitido
User_021,1CE4,2026-03-29,13:03:12,Salida,Permitido
User_035,11CC,2026-04-14,12:03:12,Entrada,Permitido
User_002,0744,2026-02-17,18:28:12,Salida,Permitido
User_024,2291,2026-03-07,09:18:12,Entrada,Permitido
User_033,08DB,2026-03-31,10:37:12,Entrada,Permitido
User_007,05BA,2026-05-02,16:31:12,Entrada,Permitido
User_022,25C2,2026-04-14,13:12:12,Entrada,Permitido
User_019,15B3,2026-04-13,13:43:12,Entrada,Permitido
User_029,0FA5,2026-03-12,14:12:12,Salida,Permitido
User_002,0744,2026-03-20,18:02:12,Entrada,Permitido
User_029,0FA5,2026-04-06,12:21:12,Salida,Permitido
User_033,08DB,2026-05-08,16:06:12,Entrada,Permitido
User_029,0FA5,2026-02-18,15:19:12,Entrada,Permitido
User_003,18F6,2026-04-02,08:44:12,Salida,Permitido
User_035,11CC,2026-05-09,15:54:12,Salida,Permitido
User_021,1CE4,2026-02-24,14:42:12,Entrada,Permitido
User_010,246A,2026-02-17,15:59:12,Entrada,Permitido
User_018,0888,2026-02-12,14:12:12,Salida,Permitido
User_042,0E1C,2026-02-12,11:31:12,Salida,Permitido
User_030,161A,2026-02-19,12:45:12,Salida,Permitido
User_022,25C2,2026-03-06,14:10:12,Salida,Permitido
User_017,1CFC,2026-05-02,09:25:12,Salida,Permitido
User_025,0BE7,2026-04-24,13:15:12,Entrada,Permitido
User_034,09E0,2026-05-08,12:48:12,Entrada,Permitido
User_021,1CE4,2026-03-24,06:28:12,Entrada,Permitido
User_012,06E9,2026-05-08,16:04:12,Entrada,Permitido
User_031,0B53,2026-02-16,09:56:12,Salida,Permitido
User_045,1956,2026-02-27,16:37:12,Entrada,Permitido
User_046,1FA3,2026-04-15,14:12:12,Entrada,Permitido
User_026,0EA3,2026-03-11,12:32:12,Salida,Permitido
User_036,131A,2026-04-10,15:45:12,Entrada,Denegado
User_022,25C2,2026-04-20,06:07:12,Entrada,Permitido
User_020,1121,2026-05-04,11:10:12,Salida,Permitido
User_026,0EA3,2026-04-17,14:04:12,Entrada,Permitido
User_001,204E,2026-05-10,16:36:12,Entrada,Permitido
User_037,266E,2026-03-26,20:02:12,Entrada,Permitido
User_019,15B3,2026-03-26,16:00:12,Entrada,Permitido
User_024,2291,2026-05-04,17:19:12,Salida,Permitido
User_037,266E,2026-05-01,11:36:12,Salida,Permitido
User_041,2141,2026-03-08,15:58:12,Entrada,Permitido
User_017,1CFC,2026-03-05,07:18:12,Entrada,Permitido
User_009,19B2,2026-03-30,23:19:12,Salida,Permitido
User_018,0888,2026-03-21,18:50:12,Entrada,Permitido
User_035,11CC,2026-04-11,02:56:12,Entrada,Permitido
User_040,24D9,2026-05-11,11:26:12,Salida,Permitido
User_022,25C2,2026-03-07,13:24:12,Salida,Permitido
User_042,0E1C,2026-04-17,15:46:12,Entrada,Permitido
User_029,0FA5,2026-04-13,14:00:12,Entrada,Permitido
User_016,17A3,2026-04-07,10:41:12,Entrada,Permitido
User_005,1A4E,2026-04-16,06:41:12,Entrada,Permitido
User_030,161A,2026-04-19,15:59:12,Entrada,Denegado
User_009,19B2,2026-02-25,20:00:12,Entrada,Permitido
User_037,266E,2026-04-12,15:50:12,Salida,Permitido
User_011,0A7D,2026-04-13,06:24:12,Salida,Permitido
User_004,182F,2026-04-10,18:05:12,Salida,Permitido
User_010,246A,2026-04-08,11:37:12,Entrada,Denegado
User_006,1C61,2026-02-15,18:28:12,Entrada,Permitido
User_038,18F9,2026-02-23,11:07:12,Salida,Permitido
User_004,182F,2026-02-24,13:07:12,Entrada,Permitido
User_009,19B2,2026-04-18,17:36:12,Salida,Permitido
User_015,18A7,2026-03-22,13:45:12,Entrada,Permitido
User_008,1532,2026-02-15,13:59:12,Entrada,Permitido
User_048,240A,2026-04-28,16:14:12,Entrada,Permitido
User_027,04A5,2026-04-28,13:56:12,Salida,Permitido
User_016,17A3,2026-03-22,10:59:12,Salida,Permitido
User_025,0BE7,2026-04-04,11:53:12,Entrada,Permitido
User_007,05BA,2026-02-15,11:41:12,Salida,Permitido
User_002,0744,2026-04-29,09:24:12,Entrada,Permitido
User_032,221E,2026-02-23,13:28:12,Entrada,Permitido
User_024,2291,2026-03-17,13:59:12,Entrada,Permitido
User_010,246A,2026-04-14,08:48:12,Entrada,Permitido
User_032,221E,2026-04-19,11:38:12,Entrada,Permitido
User_017,1CFC,2026-02-20,11:07:12,Entrada,Permitido
User_047,06EF,2026-03-11,12:23:12,Salida,Permitido
User_012,06E9,2026-02-17,17:22:12,Salida,Permitido
User_046,1FA3,2026-03-11,11:15:12,Entrada,Permitido
User_039,2640,2026-02-25,16:03:12,Salida,Permitido
User_020,1121,2026-03-04,16:22:12,Entrada,Denegado
User_044,1C43,2026-04-07,15:27:12,Salida,Denegado
User_019,15B3,2026-04-08,12:16:12,Salida,Permitido
User_038,18F9,2026-02-25,10:00:12,Salida,Permitido
User_015,18A7,2026-05-01,15:38:12,Salida,Permitido
User_017,1CFC,2026-04-04,13:01:12,Salida,Permitido
User_044,1C43,2026-04-04,08:35:12,Salida,Permitido
User_046,1FA3,2026-02-25,08:28:12,Salida,Permitido
User_009,19B2,2026-03-20,12:59:12,Entrada,Permitido
User_002,0744,2026-05-09,14:28:12,Entrada,Permitido
User_018,0888,2026-03-20,12:43:12,Salida,Permitido
User_038,18F9,2026-03-23,12:35:12,Entrada,Permitido
User_046,1FA3,2026-03-14,10:26:12,Entrada,Permitido
User_020,1121,2026-03-15,13:11:12,Entrada,Permitido
User_041,2141,2026-04-28,13:41:12,Entrada,Permitido
User_022,25C2,2026-04-17,16:53:12,Entrada,Permitido
User_011,0A7D,2026-04-12,15:14:12,Salida,Permitido
User_009,19B2,2026-03-14,14:19:12,Salida,Permitido
User_047,06EF,2026-02-17,12:22:12,Salida,Permitido
User_022,25C2,2026-03-08,11:11:12,Salida,Permitido
User_012,06E9,2026-05-08,12:23:12,Entrada,Permitido
User_019,15B3,2026-04-06,19:40:12,Salida,Permitido
User_044,1C43,2026-05-03,12:17:12,Salida,Permitido
User_032,221E,2026-04-07,13:21:12,Entrada,Permitido
User_015,18A7,2026-02-17,13:23:12,Entrada,Denegado
User_024,2291,2026-03-02,18:31:12,Entrada,Permitido
User_032,221E,2026-03-18,17:09:12,Salida,Permitido
User_002,0744,2026-04-30,12:53:12,Salida,Permitido
User_012,06E9,2026-02-13,16:56:12,Entrada,Permitido
User_033,08DB,2026-03-08,14:34:12,Salida,Permitido
User_002,0744,2026-03-19,14:16:12,Entrada,Permitido
User_047,06EF,2026-02-24,04:13:12,Entrada,Permitido
User_025,0BE7,2026-03-10,13:13:12,Salida,Permitido
User_001,204E,2026-03-22,06:34:12,Entrada,Permitido
User_003,18F6,2026-02-24,19:27:12,Entrada,Permitido
User_030,161A,2026-02-11,21:23:12,Salida,Permitido
User_020,1121,2026-03-10,08:08:12,Salida,Permitido
User_012,06E9,2026-03-19,16:07:12,Salida,Permitido
User_044,1C43,2026-04-12,16:31:12,Entrada,Permitido
User_037,266E,2026-03-02,13:46:12,Entrada,Permitido
User_005,1A4E,2026-03-15,12:00:12,Salida,Permitido
User_020,1121,2026-04-04,20:45:12,Entrada,Denegado
User_039,2640,2026-04-07,12:58:12,Entrada,Permitido
User_038,18F9,2026-05-05,10:32:12,Entrada,Permitido
User_032,221E,2026-02-15,15:58:12,Entrada,Permitido
User_026,0EA3,2026-03-25,12:28:12,Salida,Permitido
User_049,1038,2026-04-27,21:38:12,Salida,Permitido
User_033,08DB,2026-02-11,16:04:12,Salida,Permitido
User_028,0E96,2026-04-17,09:01:12,Salida,Permitido
User_033,08DB,2026-03-23,11:22:12,Salida,Permitido
User_046,1FA3,2026-02-14,10:49:12,Entrada,Permitido
User_013,1F0D,2026-03-05,18:35:12,Entrada,Permitido
User_021,1CE4,2026-02-25,11:12:12,Entrada,Permitido
User_021,1CE4,2026-03-01,10:00:12,Entrada,Permitido
User_038,18F9,2026-05-11,04:22:12,Salida,Permitido
User_010,246A,2026-04-17,04:37:12,Salida,Permitido
User_028,0E96,2026-03-08,10:36:12,Entrada,Permitido
User_037,266E,2026-04-30,22:59:12,Entrada,Permitido
User_044,1C43,2026-03-25,15:56:12,Salida,Permitido
User_016,17A3,2026-03-29,08:15:12,Salida,Permitido
User_034,09E0,2026-04-29,19:15:12,Entrada,Permitido
User_027,04A5,2026-03-11,13:27:12,Entrada,Permitido
User_002,0744,2026-03-31,18:24:12,Entrada,Permitido
User_011,0A7D,2026-02-17,09:24:12,Entrada,Permitido
User_049,1038,2026-03-24,15:53:12,Salida,Permitido
User_007,05BA,2026-04-05,10:53:12,Entrada,Permitido
User_022,25C2,2026-03-03,13:33:12,Salida,Permitido
User_015,18A7,2026-02-20,11:53:12,Salida,Permitido
User_026,0EA3,2026-03-19,08:15:12,Entrada,Permitido
User_039,2640,2026-04-25,15:21:12,Entrada,Permitido
User_047,06EF,2026-03-31,15:46:12,Salida,Permitido
User_021,1CE4,2026-05-02,10:46:12,Salida,Permitido
User_010,246A,2026-04-24,09:25:12,Salida,Permitido
User_025,0BE7,2026-02-12,15:29:12,Entrada,Permitido
User_039,2640,2026-03-23,07:00:12,Entrada,Permitido
User_046,1FA3,2026-03-01,06:43:12,Entrada,Permitido
User_040,24D9,2026-03-18,17:14:12,Entrada,Permitido
User_006,1C61,2026-03-23,09:11:12,Entrada,Permitido
User_027,04A5,2026-03-14,21:32:12,Entrada,Permitido
User_003,18F6,2026-03-26,08:17:12,Entrada,Permitido
User_038,18F9,2026-05-02,08:46:12,Salida,Permitido
User_008,1532,2026-03-04,15:24:12,Salida,Permitido
User_016,17A3,2026-04-13,13:41:12,Entrada,Permitido
User_017,1CFC,2026-02-26,17:27:12,Entrada,Permitido
User_040,24D9,2026-02-15,15:31:12,Salida,Permitido
User_030,161A,2026-03-03,12:19:12,Salida,Permitido
User_016,17A3,2026-04-27,11:49:12,Entrada,Permitido
User_036,131A,2026-03-05,09:32:12,Entrada,Permitido
User_001,204E,2026-04-26,07:14:12,Entrada,Permitido
User_004,182F,2026-05-03,16:54:12,Salida,Permitido
User_042,0E1C,2026-02-22,13:58:12,Entrada,Permitido
User_045,1956,2026-03-17,14:25:12,Salida,Permitido
User_014,0D69,2026-04-24,21:26:12,Entrada,Permitido
User_002,0744,2026-03-17,13:21:12,Salida,Permitido
User_033,08DB,2026-03-18,12:42:12,Entrada,Permitido
User_046,1FA3,2026-04-03,02:36:12,Salida,Permitido
User_021,1CE4,2026-04-19,13:36:12,Entrada,Permitido
User_012,06E9,2026-03-14,13:42:12,Entrada,Permitido
User_006,1C61,2026-03-14,09:40:12,Entrada,Permitido
User_023,0DE6,2026-05-04,17:45:12,Entrada,Permitido
User_011,0A7D,2026-04-01,04:42:12,Salida,Denegado
User_019,15B3,2026-02-19,10:27:12,Salida,Permitido
User_004,182F,2026-03-22,11:28:12,Entrada,Permitido
User_029,0FA5,2026-04-03,17:01:12,Entrada,Permitido
User_035,11CC,2026-02-17,14:38:12,Entrada,Permitido
User_037,266E,2026-05-07,12:49:12,Entrada,Permitido
User_039,2640,2026-02-15,08:12:12,Entrada,Permitido
User_045,1956,2026-05-06,13:00:12,Entrada,Permitido
User_026,0EA3,2026-04-19,11:45:12,Entrada,Permitido
User_040,24D9,2026-04-03,11:53:12,Salida,Denegado
User_017,1CFC,2026-02-19,17:52:12,Salida,Permitido
User_029,0FA5,2026-02-20,12:51:12,Entrada,Permitido
User_034,09E0,2026-02-18,14:10:12,Entrada,Permitido
User_017,1CFC,2026-04-11,17:16:12,Salida,Permitido
User_037,266E,2026-02-18,12:24:12,Entrada,Permitido
User_001,204E,2026-04-02,07:22:12,Salida,Permitido
User_028,0E96,2026-04-02,09:54:12,Entrada,Permitido
User_032,221E,2026-02-18,16:36:12,Salida,Permitido
User_003,18F6,2026-03-31,09:47:12,Salida,Permitido
User_041,2141,2026-05-10,11:01:12,Entrada,Permitido
User_027,04A5,2026-02-12,14:05:12,Entrada,Permitido
User_016,17A3,2026-03-14,08:21:12,Entrada,Permitido
User_009,19B2,2026-03-07,14:51:12,Entrada,Permitido
User_025,0BE7,2026-03-04,14:55:12,Entrada,Permitido
User_021,1CE4,2026-03-14,12:41:12,Salida,Permitido
User_041,2141,2026-03-29,16:32:12,Salida,Permitido
User_046,1FA3,2026-02-17,09:34:12,Salida,Permitido
User_022,25C2,2026-03-04,14:38:12,Salida,Permitido
User_023,0DE6,2026-05-09,10:55:12,Salida,Permitido
User_033,08DB,2026-04-07,09:34:12,Salida,Permitido
User_047,06EF,2026-03-07,13:48:12,Entrada,Permitido
User_016,17A3,2026-04-23,16:12:12,Entrada,Permitido
User_042,0E1C,2026-05-10,09:21:12,Salida,Permitido
User_027,04A5,2026-03-09,09:20:12,Salida,Permitido
User_026,0EA3,2026-04-09,19:05:12,Salida,Permitido
User_034,09E0,2026-04-04,08:02:12,Salida,Permitido
User_019,15B3,2026-04-09,08:15:12,Entrada,Permitido
User_010,246A,2026-03-06,11:49:12,Entrada,Permitido
User_021,1CE4,2026-04-25,11:49:12,Entrada,Permitido
User_045,1956,2026-03-02,16:40:12,Salida,Permitido
User_016,17A3,2026-04-09,12:06:12,Salida,Permitido
User_024,2291,2026-03-16,20:11:12,Salida,Permitido
User_046,1FA3,2026-05-04,19:33:12,Salida,Permitido
User_038,18F9,2026-03-13,13:56:12,Entrada,Permitido
User_033,08DB,2026-02-28,19:03:12,Entrada,Permitido
User_047,06EF,2026-04-26,09:44:12,Entrada,Permitido
User_048,240A,2026-03-29,17:38:12,Salida,Denegado
User_011,0A7D,2026-02-19,14:14:12,Entrada,Permitido
User_045,1956,2026-04-21,13:28:12,Salida,Permitido
User_019,15B3,2026-03-24,11:16:12,Salida,Permitido
User_049,1038,2026-03-03,15:21:12,Salida,Permitido
User_026,0EA3,2026-02-14,13:47:12,Salida,Permitido
User_044,1C43,2026-04-11,14:08:12,Salida,Permitido
User_036,131A,2026-05-06,09:46:12,Entrada,Permitido
User_010,246A,2026-05-01,09:27:12,Salida,Permitido
User_013,1F0D,2026-04-21,13:07:12,Entrada,Permitido
User_043,1F69,2026-04-08,10:32:12,Entrada,Permitido
User_007,05BA,2026-04-21,13:26:12,Salida,Permitido
User_026,0EA3,2026-02-24,14:08:12,Entrada,Denegado
User_005,1A4E,2026-02-13,10:00:12,Entrada,Denegado
User_012,06E9,2026-04-12,15:52:12,Entrada,Permitido
User_042,0E1C,2026-04-22,14:35:12,Entrada,Permitido
User_043,1F69,2026-03-23,20:50:12,Salida,Permitido
User_006,1C61,2026-04-21,12:16:12,Salida,Permitido
User_002,0744,2026-04-25,17:45:12,Salida,Permitido
User_039,2640,2026-05-07,16:49:12,Salida,Permitido
User_049,1038,2026-04-15,10:43:12,Entrada,Permitido
User_004,182F,2026-05-07,09:25:12,Entrada,Permitido
User_028,0E96,2026-03-08,15:00:12,Entrada,Permitido
User_003,18F6,2026-04-23,09:46:12,Entrada,Permitido
User_025,0BE7,2026-04-01,06:54:12,Salida,Denegado
User_012,06E9,2026-04-25,11:52:12,Salida,Permitido
User_009,19B2,2026-03-29,10:26:12,Salida,Permitido
User_042,0E1C,2026-04-11,16:18:12,Salida,Permitido
User_027,04A5,2026-03-22,15:49:12,Entrada,Permitido
User_008,1532,2026-03-14,09:15:12,Salida,Denegado
User_019,15B3,2026-03-14,14:20:12,Salida,Permitido
User_016,17A3,2026-02-11,14:32:12,Salida,Permitido
User_028,0E96,2026-04-10,13:06:12,Entrada,Permitido
User_003,18F6,2026-04-19,15:16:12,Salida,Permitido
User_009,19B2,2026-04-01,14:17:12,Salida,Permitido
User_011,0A7D,2026-04-17,12:32:12,Entrada,Permitido
User_012,06E9,2026-03-12,18:37:12,Entrada,Permitido
User_026,0EA3,2026-04-13,10:45:12,Entrada,Permitido
User_011,0A7D,2026-04-08,19:34:12,Salida,Permitido
User_005,1A4E,2026-02-21,11:44:12,Entrada,Permitido
User_002,0744,2026-03-22,16:07:12,Entrada,Permitido
User_009,19B2,2026-03-02,15:34:12,Entrada,Permitido
User_025,0BE7,2026-03-29,11:49:12,Entrada,Permitido
User_046,1FA3,2026-02-24,12:20:12,Salida,Permitido
User_018,0888,2026-02-16,15:10:12,Entrada,Permitido
User_034,09E0,2026-03-28,17:19:12,Entrada,Permitido
User_014,0D69,2026-05-05,13:00:12,Entrada,Permitido
User_026,0EA3,2026-05-08,14:57:12,Salida,Permitido
User_009,19B2,2026-03-10,10:31:12,Salida,Permitido
User_009,19B2,2026-03-01,14:51:12,Entrada,Permitido
User_033,08DB,2026-04-03,20:36:12,Salida,Permitido
User_041,2141,2026-04-10,16:10:12,Salida,Permitido
User_041,2141,2026-05-07,19:52:12,Salida,Permitido
User_016,17A3,2026-04-13,13:16:12,Entrada,Permitido
User_044,1C43,2026-03-15,18:04:12,Entrada,Permitido
User_004,182F,2026-03-17,15:58:12,Entrada,Permitido
User_046,1FA3,2026-03-29,23:26:12,Salida,Permitido
User_029,0FA5,2026-03-04,19:31:12,Salida,Permitido
User_007,05BA,2026-03-10,18:15:12,Entrada,Permitido
User_022,25C2,2026-04-17,12:52:12,Entrada,Permitido
User_006,1C61,2026-05-07,06:36:12,Entrada,Permitido
User_006,1C61,2026-05-11,12:53:12,Salida,Permitido
User_049,1038,2026-03-22,14:25:12,Salida,Permitido
User_049,1038,2026-02-23,18:00:12,Entrada,Permitido
User_033,08DB,2026-05-11,13:50:12,Salida,Permitido
User_042,0E1C,2026-04-05,12:48:12,Entrada,Permitido
User_021,1CE4,2026-04-02,16:10:12,Entrada,Permitido
User_013,1F0D,2026-04-15,11:12:12,Entrada,Permitido
User_008,1532,2026-04-23,11:04:12,Entrada,Permitido
User_033,08DB,2026-03-27,15:57:12,Entrada,Permitido
User_023,0DE6,2026-03-31,14:58:12,Salida,Permitido
User_004,182F,2026-03-15,04:30:12,Salida,Permitido
User_049,1038,2026-04-27,11:09:12,Entrada,Permitido
User_002,0744,2026-04-14,19:02:12,Salida,Permitido
User_018,0888,2026-04-02,19:05:12,Entrada,Permitido
User_003,18F6,2026-05-05,18:40:12,Entrada,Permitido
User_040,24D9,2026-02-12,16:28:12,Salida,Permitido
User_043,1F69,2026-04-16,12:48:12,Entrada,Permitido
User_031,0B53,2026-03-07,09:34:12,Salida,Permitido
User_021,1CE4,2026-04-05,11:56:12,Entrada,Permitido
User_030,161A,2026-04-11,17:55:12,Salida,Permitido
User_028,0E96,2026-03-26,12:51:12,Salida,Permitido
User_036,131A,2026-03-15,16:35:12,Entrada,Permitido
User_037,266E,2026-02-17,09:40:12,Entrada,Permitido
User_035,11CC,2026-03-25,11:58:12,Entrada,Permitido
User_049,1038,2026-03-20,13:59:12,Entrada,Denegado
User_001,204E,2026-03-13,17:15:12,Entrada,Denegado
User_030,161A,2026-05-09,15:15:12,Entrada,Permitido
User_043,1F69,2026-04-15,13:38:12,Entrada,Permitido
User_015,18A7,2026-03-12,13:48:12,Salida,Permitido
User_023,0DE6,2026-02-16,12:15:12,Salida,Permitido
User_029,0FA5,2026-04-28,08:28:12,Entrada,Permitido
User_004,182F,2026-04-20,14:48:12,Entrada,Permitido
User_045,1956,2026-05-07,15:14:12,Entrada,Permitido
User_049,1038,2026-05-06,11:57:12,Salida,Permitido
User_011,0A7D,2026-04-19,16:35:12,Salida,Permitido
User_034,09E0,2026-02-21,05:47:12,Entrada,Denegado
User_018,0888,2026-05-07,20:48:12,Salida,Permitido
User_005,1A4E,2026-02-27,17:48:12,Entrada,Permitido
User_027,04A5,2026-02-21,11:05:12,Entrada,Permitido
User_028,0E96,2026-02-15,04:28:12,Salida,Permitido
User_012,06E9,2026-04-21,12:59:12,Entrada,Permitido
User_006,1C61,2026-04-06,09:09:12,Entrada,Permitido
User_024,2291,2026-03-05,14:08:12,Entrada,Permitido
User_014,0D69,2026-05-03,03:39:12,Salida,Permitido
User_004,182F,2026-02-17,17:43:12,Entrada,Permitido
User_003,18F6,2026-04-10,12:16:12,Entrada,Permitido
User_031,0B53,2026-05-01,21:32:12,Entrada,Permitido
User_024,2291,2026-03-17,15:07:12,Entrada,Permitido
User_035,11CC,2026-03-01,12:48:12,Salida,Permitido
User_040,24D9,2026-02-18,11:16:12,Salida,Permitido
User_001,204E,2026-03-18,10:34:12,Entrada,Permitido
User_004,182F,2026-03-12,14:42:12,Entrada,Permitido
User_003,18F6,2026-02-24,05:51:12,Entrada,Permitido
User_016,17A3,2026-04-11,13:13:12,Entrada,Permitido
User_047,06EF,2026-03-13,09:19:12,Entrada,Permitido
User_027,04A5,2026-04-04,09:50:12,Entrada,Permitido
User_013,1F0D,2026-03-03,11:36:12,Entrada,Permitido
User_023,0DE6,2026-03-14,07:21:12,Salida,Permitido
User_020,1121,2026-03-14,02:57:12,Salida,Permitido
User_022,25C2,2026-03-12,20:15:12,Entrada,Permitido
User_018,0888,2026-02-22,05:29:12,Salida,Permitido
User_041,2141,2026-04-27,13:00:12,Entrada,Permitido
User_029,0FA5,2026-03-08,15:28:12,Entrada,Permitido
User_041,2141,2026-02-16,19:16:12,Salida,Permitido
User_028,0E96,2026-02-21,12:20:12,Salida,Permitido
User_036,131A,2026-05-03,13:26:12,Salida,Permitido
User_006,1C61,2026-04-07,12:44:12,Salida,Permitido
User_010,246A,2026-03-29,20:34:12,Entrada,Permitido
User_037,266E,2026-03-15,10:15:12,Salida,Permitido
User_021,1CE4,2026-05-05,11:30:12,Salida,Denegado
User_017,1CFC,2026-03-30,16:46:12,Entrada,Permitido
User_014,0D69,2026-04-22,11:52:12,Entrada,Permitido
User_036,131A,2026-03-13,09:49:12,Entrada,Permitido
User_033,08DB,2026-05-08,18:56:12,Entrada,Permitido
User_008,1532,2026-02-17,14:17:12,Salida,Permitido
User_040,24D9,2026-04-05,11:05:12,Salida,Permitido
User_043,1F69,2026-02-23,07:04:12,Salida,Permitido
User_038,18F9,2026-03-06,13:13:12,Entrada,Permitido
User_010,246A,2026-03-17,02:28:12,Salida,Permitido
User_029,0FA5,2026-03-25,12:36:12,Salida,Permitido
User_038,18F9,2026-04-16,17:58:12,Entrada,Permitido
User_012,06E9,2026-03-09,11:05:12,Entrada,Permitido
User_030,161A,2026-03-16,11:43:12,Entrada,Permitido
User_007,05BA,2026-04-08,07:23:12,Entrada,Permitido
User_036,131A,2026-04-28,15:19:12,Entrada,Permitido
User_040,24D9,2026-04-18,15:40:12,Entrada,Permitido
User_028,0E96,2026-04-28,12:37:12,Salida,Denegado
User_005,1A4E,2026-04-07,19:43:12,Salida,Permitido
User_032,221E,2026-03-10,10:37:12,Entrada,Permitido
User_026,0EA3,2026-03-07,15:21:12,Entrada,Permitido
User_013,1F0D,2026-04-04,16:42:12,Salida,Permitido
User_049,1038,2026-03-29,14:03:12,Entrada,Permitido
User_047,06EF,2026-03-13,12:00:12,Salida,Permitido
User_041,2141,2026-04-26,14:07:12,Entrada,Denegado
User_027,04A5,2026-02-25,14:57:12,Entrada,Permitido
User_022,25C2,2026-04-13,12:29:12,Entrada,Permitido
User_031,0B53,2026-02-13,12:55:12,Salida,Permitido
User_017,1CFC,2026-04-26,08:24:12,Entrada,Permitido
User_044,1C43,2026-04-21,15:11:12,Salida,Permitido
User_026,0EA3,2026-04-13,10:08:12,Entrada,Permitido
User_018,0888,2026-03-01,10:29:12,Salida,Permitido
User_029,0FA5,2026-04-10,10:45:12,Salida,Permitido
User_016,17A3,2026-04-17,12:53:12,Entrada,Permitido
User_047,06EF,2026-04-16,14:54:12,Salida,Permitido
User_024,2291,2026-05-07,14:48:12,Entrada,Permitido
User_028,0E96,2026-03-24,17:54:12,Entrada,Permitido
User_040,24D9,2026-04-17,18:33:12,Entrada,Permitido
User_003,18F6,2026-02-23,13:56:12,Entrada,Permitido
User_027,04A5,2026-03-16,10:31:12,Entrada,Permitido
User_035,11CC,2026-05-11,18:25:12,Salida,Denegado
User_029,0FA5,2026-05-05,05:12:12,Entrada,Permitido
User_045,1956,2026-03-02,20:03:12,Entrada,Permitido
User_041,2141,2026-02-15,11:40:12,Entrada,Permitido
User_021,1CE4,2026-04-27,15:37:12,Salida,Permitido
User_007,05BA,2026-03-29,18:34:12,Entrada,Permitido
User_045,1956,2026-02-18,10:52:12,Entrada,Permitido
User_046,1FA3,2026-03-10,08:09:12,Salida,Permitido
User_003,18F6,2026-03-06,18:38:12,Salida,Permitido
User_034,09E0,2026-03-06,17:45:12,Salida,Permitido
User_023,0DE6,2026-04-20,11:42:12,Entrada,Permitido
User_006,1C61,2026-04-08,08:14:12,Salida,Permitido
User_004,182F,2026-04-27,08:49:12,Salida,Permitido
User_041,2141,2026-04-20,15:41:12,Entrada,Permitido
User_027,04A5,2026-04-02,18:25:12,Entrada,Permitido
User_047,06EF,2026-03-21,16:05:12,Salida,Permitido
User_031,0B53,2026-03-24,09:21:12,Entrada,Permitido
User_009,19B2,2026-05-02,16:03:12,Salida,Permitido
User_037,266E,2026-04-16,06:36:12,Entrada,Denegado
User_024,2291,2026-04-17,18:10:12,Salida,Permitido
User_039,2640,2026-04-08,16:28:12,Entrada,Permitido
User_009,19B2,2026-02-23,16:04:12,Salida,Permitido
User_012,06E9,2026-03-29,08:56:12,Salida,Permitido
User_003,18F6,2026-05-11,14:15:12,Entrada,Permitido
User_035,11CC,2026-04-29,11:09:12,Salida,Permitido
User_004,182F,2026-05-09,17:08:12,Entrada,Permitido
User_001,204E,2026-04-20,15:38:12,Entrada,Permitido
User_048,240A,2026-04-15,14:36:12,Entrada,Permitido
User_023,0DE6,2026-02-12,12:07:12,Salida,Permitido
User_008,1532,2026-02-17,15:01:12,Salida,Permitido
User_018,0888,2026-05-01,12:19:12,Entrada,Permitido
User_011,0A7D,2026-02-15,17:44:12,Entrada,Permitido
User_005,1A4E,2026-04-10,06:44:12,Entrada,Permitido
User_019,15B3,2026-05-07,11:58:12,Entrada,Denegado
User_020,1121,2026-04-05,12:18:12,Salida,Permitido
User_019,15B3,2026-04-05,14:52:12,Salida,Permitido
User_029,0FA5,2026-04-25,12:28:12,Entrada,Permitido
User_028,0E96,2026-04-13,07:31:12,Entrada,Permitido
User_012,06E9,2026-04-22,14:10:12,Salida,Permitido
User_035,11CC,2026-05-01,16:49:12,Salida,Permitido
User_039,2640,2026-03-11,21:58:12,Salida,Permitido
User_020,1121,2026-03-01,18:41:12,Salida,Permitido
User_006,1C61,2026-04-30,17:38:12,Salida,Permitido
User_048,240A,2026-04-21,09:11:12,Entrada,Permitido
User_019,15B3,2026-03-08,09:36:12,Entrada,Permitido
User_022,25C2,2026-04-02,12:33:12,Salida,Permitido
User_045,1956,2026-03-10,14:12:12,Entrada,Permitido
User_049,1038,2026-02-19,15:47:12,Salida,Permitido
User_032,221E,2026-03-14,12:17:12,Salida,Permitido
User_050,0A19,2026-03-09,10:10:12,Entrada,Permitido
User_047,06EF,2026-02-25,12:15:12,Entrada,Permitido
User_026,0EA3,2026-03-01,20:08:12,Salida,Permitido
User_045,1956,2026-03-22,18:50:12,Entrada,Permitido
User_032,221E,2026-04-03,10:59:12,Salida,Permitido
User_050,0A19,2026-04-18,10:09:12,Salida,Permitido
User_030,161A,2026-03-30,16:30:12,Entrada,Permitido
User_046,1FA3,2026-02-13,11:21:12,Entrada,Permitido
User_027,04A5,2026-02-18,12:20:12,Entrada,Permitido
User_039,2640,2026-04-11,10:39:12,Salida,Permitido
User_018,0888,2026-04-07,12:09:12,Entrada,Permitido
User_040,24D9,2026-03-18,19:01:12,Salida,Permitido
User_028,0E96,2026-02-28,10:22:12,Salida,Permitido
User_022,25C2,2026-02-17,16:54:12,Entrada,Permitido
User_015,18A7,2026-02-11,12:01:12,Entrada,Permitido
User_021,1CE4,2026-03-11,18:16:12,Salida,Permitido
User_050,0A19,2026-04-22,16:30:12,Entrada,Permitido
User_004,182F,2026-02-22,16:11:12,Entrada,Permitido
User_025,0BE7,2026-03-03,11:35:12,Salida,Permitido
User_032,221E,2026-04-06,13:43:12,Salida,Permitido
User_049,1038,2026-04-09,13:02:12,Salida,Permitido
User_041,2141,2026-02-15,09:53:12,Salida,Permitido
User_016,17A3,2026-04-18,12:20:12,Entrada,Permitido
User_013,1F0D,2026-03-14,12:57:12,Entrada,Permitido
User_045,1956,2026-02-27,15:48:12,Salida,Permitido
User_022,25C2,2026-03-15,14:41:12,Entrada,Permitido
User_042,0E1C,2026-04-29,15:02:12,Entrada,Permitido
User_028,0E96,2026-02-21,09:25:12,Entrada,Permitido
User_019,15B3,2026-02-25,14:54:12,Salida,Permitido
User_033,08DB,2026-03-01,19:14:12,Salida,Permitido
User_001,204E,2026-03-11,03:05:12,Salida,Permitido
User_047,06EF,2026-04-28,13:59:12,Salida,Permitido
User_029,0FA5,2026-03-21,14:18:12,Entrada,Permitido
User_003,18F6,2026-02-17,10:09:12,Entrada,Permitido
User_049,1038,2026-04-14,00:04:12,Entrada,Permitido
User_016,17A3,2026-03-07,09:05:12,Salida,Permitido
User_001,204E,2026-05-07,13:02:12,Entrada,Permitido
User_029,0FA5,2026-05-04,17:30:12,Salida,Permitido
User_003,18F6,2026-02-21,12:51:12,Entrada,Permitido
User_002,0744,2026-02-18,10:33:12,Entrada,Permitido
User_040,24D9,2026-03-18,14:00:12,Entrada,Permitido
User_045,1956,2026-04-30,17:31:12,Salida,Permitido
User_029,0FA5,2026-04-18,10:51:12,Entrada,Permitido
User_011,0A7D,2026-03-12,08:54:12,Salida,Permitido
User_009,19B2,2026-03-13,15:26:12,Entrada,Permitido
User_009,19B2,2026-04-09,15:48:12,Entrada,Permitido
User_032,221E,2026-04-09,16:10:12,Entrada,Permitido
User_028,0E96,2026-02-16,09:40:12,Entrada,Permitido
User_031,0B53,2026-02-13,18:53:12,Salida,Permitido
User_042,0E1C,2026-04-27,11:53:12,Entrada,Permitido
User_016,17A3,2026-02-18,07:56:12,Entrada,Permitido
User_012,06E9,2026-02-20,14:55:12,Salida,Permitido
User_026,0EA3,2026-02-12,12:34:12,Salida,Permitido
User_038,18F9,2026-04-18,08:49:12,Salida,Permitido
User_030,161A,2026-03-27,12:57:12,Entrada,Permitido
User_022,25C2,2026-04-25,18:50:12,Salida,Permitido
User_032,221E,2026-03-05,15:44:12,Entrada,Permitido
User_022,25C2,2026-04-21,16:32:12,Salida,Permitido
User_046,1FA3,2026-04-01,11:57:12,Salida,Permitido
User_029,0FA5,2026-04-22,18:51:12,Salida,Permitido
User_008,1532,2026-04-26,15:49:12,Entrada,Denegado
User_043,1F69,2026-04-12,16:42:12,Salida,Permitido
User_003,18F6,2026-03-17,05:24:12,Entrada,Permitido
User_021,1CE4,2026-04-05,15:22:12,Entrada,Permitido
User_035,11CC,2026-05-07,18:43:12,Entrada,Permitido
User_035,11CC,2026-02-13,15:27:12,Entrada,Permitido
User_019,15B3,2026-03-07,13:30:12,Entrada,Permitido
User_043,1F69,2026-03-07,10:31:12,Salida,Permitido
User_011,0A7D,2026-04-06,19:16:12,Salida,Denegado
User_004,182F,2026-03-24,18:31:12,Salida,Permitido
User_032,221E,2026-02-21,12:05:12,Entrada,Permitido
User_021,1CE4,2026-03-26,17:16:12,Entrada,Permitido
User_025,0BE7,2026-04-05,10:18:12,Salida,Permitido
User_012,06E9,2026-03-04,11:33:12,Salida,Permitido
User_046,1FA3,2026-02-24,13:44:12,Salida,Permitido
User_012,06E9,2026-03-22,12:05:12,Salida,Permitido
User_028,0E96,2026-04-07,17:13:12,Salida,Permitido
User_008,1532,2026-03-22,14:54:12,Entrada,Permitido
User_040,24D9,2026-05-11,14:03:12,Entrada,Permitido
User_043,1F69,2026-02-17,09:27:12,Salida,Permitido
User_048,240A,2026-03-09,09:20:12,Salida,Permitido
User_042,0E1C,2026-05-02,16:58:12,Salida,Permitido
User_015,18A7,2026-03-02,09:23:12,Salida,Permitido
User_030,161A,2026-03-11,05:30:12,Salida,Permitido
User_007,05BA,2026-04-09,12:49:12,Salida,Permitido
User_015,18A7,2026-05-05,06:14:12,Salida,Permitido
User_008,1532,2026-03-22,15:40:12,Entrada,Permitido
User_039,2640,2026-03-10,09:00:12,Entrada,Permitido
User_036,131A,2026-03-08,11:49:12,Salida,Permitido
User_023,0DE6,2026-03-04,14:13:12,Salida,Permitido
User_046,1FA3,2026-04-13,13:51:12,Entrada,Permitido
User_044,1C43,2026-04-11,08:34:12,Entrada,Permitido
User_031,0B53,2026-04-08,09:45:12,Entrada,Permitido
User_048,240A,2026-02-28,17:02:12,Salida,Permitido
User_042,0E1C,2026-02-25,19:51:12,Entrada,Permitido
User_018,0888,2026-04-28,14:27:12,Salida,Permitido
User_038,18F9,2026-05-04,09:59:12,Entrada,Permitido
User_004,182F,2026-04-10,14:36:12,Entrada,Permitido
User_045,1956,2026-05-02,13:24:12,Salida,Permitido
User_031,0B53,2026-04-05,18:15:12,Salida,Permitido
User_013,1F0D,2026-03-14,11:07:12,Entrada,Permitido
User_028,0E96,2026-02-13,11:56:12,Entrada,Permitido
User_032,221E,2026-03-20,14:08:12,Salida,Permitido
User_010,246A,2026-02-13,15:10:12,Entrada,Permitido
User_029,0FA5,2026-04-20,15:52:12,Entrada,Permitido
User_020,1121,2026-03-04,09:15:12,Entrada,Permitido
User_050,0A19,2026-03-31,19:05:12,Entrada,Permitido
User_013,1F0D,2026-02-27,15:35:12,Entrada,Permitido
User_045,1956,2026-03-05,09:37:12,Salida,Permitido
User_037,266E,2026-03-10,10:36:12,Salida,Permitido
User_018,0888,2026-02-27,15:01:12,Entrada,Permitido
User_013,1F0D,2026-03-25,13:32:12,Salida,Permitido
User_017,1CFC,2026-03-22,16:03:12,Entrada,Permitido
User_023,0DE6,2026-04-03,08:41:12,Salida,Permitido
User_047,06EF,2026-02-11,15:27:12,Entrada,Permitido
User_033,08DB,2026-04-29,17:08:12,Salida,Permitido
User_012,06E9,2026-04-16,08:02:12,Salida,Permitido
User_017,1CFC,2026-03-14,15:09:12,Salida,Permitido
User_023,0DE6,2026-04-07,10:48:12,Salida,Permitido
User_008,1532,2026-03-31,12:46:12,Entrada,Permitido
User_021,1CE4,2026-04-17,15:39:12,Salida,Permitido
User_038,18F9,2026-03-10,13:13:12,Salida,Permitido
User_004,182F,2026-05-07,10:09:12,Entrada,Permitido
User_017,1CFC,2026-04-11,09:57:12,Salida,Permitido
User_046,1FA3,2026-04-07,06:29:12,Salida,Permitido
User_012,06E9,2026-04-23,11:35:12,Entrada,Permitido
User_044,1C43,2026-03-09,08:25:12,Entrada,Permitido
User_003,18F6,2026-03-06,15:05:12,Salida,Permitido
User_040,24D9,2026-02-20,10:14:12,Salida,Permitido
User_015,18A7,2026-03-17,09:23:12,Salida,Permitido
User_047,06EF,2026-03-16,11:23:12,Salida,Permitido
User_048,240A,2026-02-11,17:05:12,Entrada,Permitido
User_021,1CE4,2026-05-10,13:32:12,Salida,Permitido
User_038,18F9,2026-02-25,15:09:12,Entrada,Permitido
User_046,1FA3,2026-03-07,16:59:12,Entrada,Permitido
User_027,04A5,2026-02-28,13:32:12,Salida,Permitido
User_023,0DE6,2026-04-15,12:36:12,Salida,Permitido
User_011,0A7D,2026-04-12,16:16:12,Entrada,Permitido
User_037,266E,2026-04-07,13:16:12,Entrada,Permitido
User_001,204E,2026-04-11,10:02:12,Salida,Permitido
User_012,06E9,2026-03-21,15:05:12,Entrada,Permitido
User_039,2640,2026-04-09,08:32:12,Entrada,Permitido
User_031,0B53,2026-04-03,13:33:12,Entrada,Permitido
User_001,204E,2026-04-14,11:53:12,Entrada,Permitido
User_017,1CFC,2026-03-04,04:19:12,Entrada,Permitido
User_026,0EA3,2026-02-23,11:28:12,Salida,Permitido
User_045,1956,2026-02-16,07:19:12,Salida,Permitido
User_027,04A5,2026-02-23,15:00:12,Entrada,Permitido
User_006,1C61,2026-04-20,13:36:12,Salida,Permitido
User_026,0EA3,2026-03-02,14:17:12,Entrada,Permitido
User_018,0888,2026-02-14,19:24:12,Entrada,Permitido
User_015,18A7,2026-03-01,14:54:12,Entrada,Permitido
User_035,11CC,2026-03-01,16:09:12,Salida,Permitido
User_017,1CFC,2026-04-22,08:54:12,Salida,Permitido
User_036,131A,2026-02-23,22:48:12,Entrada,Permitido
User_004,182F,2026-03-22,21:10:12,Entrada,Permitido
User_004,182F,2026-03-27,13:13:12,Salida,Permitido
User_024,2291,2026-02-25,06:54:12,Entrada,Permitido
User_002,0744,2026-02-18,12:50:12,Salida,Permitido
User_035,11CC,2026-03-12,10:21:12,Entrada,Permitido
User_029,0FA5,2026-03-21,16:56:12,Salida,Permitido
User_046,1FA3,2026-02-14,15:40:12,Salida,Permitido
User_018,0888,2026-02-25,22:48:12,Salida,Permitido
User_003,18F6,2026-02-21,02:54:12,Salida,Denegado
User_004,182F,2026-05-02,09:33:12,Salida,Permitido
User_001,204E,2026-05-05,18:33:12,Salida,Permitido
User_042,0E1C,2026-02-13,04:10:12,Salida,Permitido
User_019,15B3,2026-03-29,07:16:12,Entrada,Permitido
User_030,161A,2026-03-07,11:59:12,Entrada,Permitido
User_042,0E1C,2026-04-09,11:41:12,Entrada,Permitido
User_014,0D69,2026-03-30,11:22:12,Salida,Permitido
User_007,05BA,2026-05-02,10:13:12,Salida,Permitido
User_011,0A7D,2026-02-26,06:04:12,Salida,Permitido
User_044,1C43,2026-03-29,18:58:12,Entrada,Permitido
User_013,1F0D,2026-02-14,14:10:12,Entrada,Permitido
User_008,1532,2026-02-17,14:58:12,Entrada,Permitido
User_012,06E9,2026-02-23,14:28:12,Entrada,Permitido
User_005,1A4E,2026-05-11,14:27:12,Entrada,Permitido
User_047,06EF,2026-04-27,08:25:12,Salida,Permitido
User_037,266E,2026-03-11,09:14:12,Entrada,Permitido
User_019,15B3,2026-04-28,18:38:12,Salida,Permitido
User_025,0BE7,2026-04-21,14:47:12,Entrada,Permitido
User_018,0888,2026-04-20,14:30:12,Salida,Permitido
User_029,0FA5,2026-03-04,18:03:12,Salida,Permitido
User_039,2640,2026-03-01,16:26:12,Salida,Permitido
User_004,182F,2026-04-01,14:29:12,Entrada,Permitido
User_011,0A7D,2026-03-19,13:15:12,Salida,Permitido
User_035,11CC,2026-04-08,01:32:12,Salida,Permitido
User_032,221E,2026-04-17,06:13:12,Entrada,Permitido
User_016,17A3,2026-02-26,04:57:12,Entrada,Permitido
User_024,2291,2026-02-11,15:23:12,Entrada,Permitido
User_028,0E96,2026-04-16,22:58:12,Entrada,Permitido
User_002,0744,2026-03-06,10:22:12,Salida,Permitido
User_045,1956,2026-04-18,13:23:12,Entrada,Permitido
User_002,0744,2026-03-31,15:41:12,Entrada,Permitido
User_032,221E,2026-02-20,21:11:12,Salida,Permitido
User_041,2141,2026-03-24,16:56:12,Salida,Permitido
User_043,1F69,2026-03-09,07:52:12,Salida,Permitido
User_025,0BE7,2026-04-17,09:37:12,Entrada,Permitido
User_034,09E0,2026-03-30,12:31:12,Entrada,Permitido
User_036,131A,2026-03-06,23:08:12,Salida,Permitido
User_012,06E9,2026-03-10,12:31:12,Salida,Permitido
User_010,246A,2026-04-29,14:33:12,Entrada,Permitido
User_036,131A,2026-03-04,14:25:12,Salida,Denegado
User_025,0BE7,2026-03-15,14:49:12,Entrada,Permitido
User_016,17A3,2026-04-10,17:16:12,Salida,Permitido
User_014,0D69,2026-04-29,09:56:12,Salida,Permitido
User_046,1FA3,2026-03-14,17:26:12,Entrada,Permitido
User_047,06EF,2026-03-26,10:03:12,Salida,Permitido
User_014,0D69,2026-04-30,14:54:12,Entrada,Permitido
User_017,1CFC,2026-05-04,18:42:12,Entrada,Permitido
User_027,04A5,2026-05-10,13:19:12,Entrada,Permitido
User_023,0DE6,2026-04-26,09:27:12,Salida,Permitido
User_001,204E,2026-04-09,13:04:12,Entrada,Permitido
User_029,0FA5,2026-05-05,09:02:12,Entrada,Permitido
User_005,1A4E,2026-04-27,17:31:12,Salida,Permitido
User_004,182F,2026-03-01,15:24:12,Salida,Permitido
User_028,0E96,2026-04-03,18:58:12,Salida,Permitido
User_019,15B3,2026-04-23,12:54:12,Entrada,Permitido
User_019,15B3,2026-03-21,10:02:12,Salida,Permitido
User_014,0D69,2026-02-21,17:49:12,Entrada,Permitido
User_006,1C61,2026-03-28,15:03:12,Entrada,Permitido
User_001,204E,2026-04-23,20:07:12,Entrada,Permitido
User_004,182F,2026-03-07,15:23:12,Salida,Permitido
User_043,1F69,2026-04-02,11:36:12,Salida,Permitido
User_004,182F,2026-04-26,12:43:12,Salida,Permitido
User_011,0A7D,2026-04-05,19:01:12,Salida,Denegado
User_026,0EA3,2026-03-07,14:05:12,Entrada,Permitido
User_014,0D69,2026-04-29,12:14:12,Entrada,Permitido
User_029,0FA5,2026-03-27,10:26:12,Entrada,Denegado
User_038,18F9,2026-03-29,10:09:12,Entrada,Permitido
User_042,0E1C,2026-02-17,21:33:12,Entrada,Permitido
User_010,246A,2026-02-20,14:01:12,Entrada,Permitido
User_001,204E,2026-04-04,07:11:12,Entrada,Permitido
User_043,1F69,2026-05-11,09:19:12,Entrada,Permitido
User_050,0A19,2026-03-25,11:38:12,Salida,Permitido
User_028,0E96,2026-03-11,13:10:12,Entrada,Permitido
User_039,2640,2026-03-30,12:57:12,Salida,Permitido
User_004,182F,2026-03-12,12:55:12,Salida,Permitido
User_026,0EA3,2026-04-04,09:18:12,Salida,Permitido
User_026,0EA3,2026-05-08,09:55:12,Entrada,Permitido
User_037,266E,2026-02-28,06:42:12,Salida,Permitido
User_042,0E1C,2026-03-15,14:41:12,Entrada,Denegado
User_021,1CE4,2026-04-27,12:06:12,Entrada,Permitido
User_015,18A7,2026-02-12,08:05:12,Entrada,Permitido
User_018,0888,2026-03-20,19:48:12,Salida,Permitido
User_031,0B53,2026-02-21,15:00:12,Entrada,Permitido
User_002,0744,2026-03-26,17:17:12,Entrada,Permitido
User_021,1CE4,2026-04-06,15:50:12,Salida,Permitido
User_049,1038,2026-02-19,12:09:12,Entrada,Permitido
User_023,0DE6,2026-04-20,13:21:12,Entrada,Permitido
User_007,05BA,2026-03-11,20:10:12,Entrada,Permitido
User_028,0E96,2026-03-11,10:58:12,Salida,Denegado
User_003,18F6,2026-02-18,12:19:12,Salida,Permitido
User_004,182F,2026-04-02,19:59:12,Entrada,Permitido
User_007,05BA,2026-02-25,20:18:12,Entrada,Permitido
User_024,2291,2026-03-26,11:36:12,Salida,Denegado
User_026,0EA3,2026-04-29,16:52:12,Entrada,Permitido
User_006,1C61,2026-04-20,16:29:12,Salida,Permitido
User_028,0E96,2026-04-02,05:07:12,Entrada,Permitido
User_040,24D9,2026-05-05,12:08:12,Entrada,Denegado
User_008,1532,2026-02-16,13:27:12,Salida,Permitido
User_045,1956,2026-02-23,07:21:12,Entrada,Permitido
User_012,06E9,2026-04-28,16:01:12,Salida,Permitido
User_019,15B3,2026-03-17,17:25:12,Salida,Permitido
User_041,2141,2026-04-16,09:02:12,Salida,Permitido
User_019,15B3,2026-05-03,11:11:12,Salida,Permitido
User_049,1038,2026-03-19,16:37:12,Salida,Permitido
User_040,24D9,2026-05-01,18:11:12,Salida,Permitido
User_048,240A,2026-03-17,20:11:12,Salida,Permitido
User_022,25C2,2026-05-06,08:52:12,Entrada,Permitido
User_023,0DE6,2026-03-25,12:54:12,Entrada,Permitido
User_043,1F69,2026-02-28,09:08:12,Entrada,Permitido
User_044,1C43,2026-05-03,14:35:12,Salida,Permitido
User_042,0E1C,2026-02-17,14:17:12,Entrada,Permitido
User_031,0B53,2026-03-03,18:37:12,Entrada,Permitido
User_049,1038,2026-05-08,15:39:12,Salida,Permitido
User_025,0BE7,2026-04-09,12:01:12,Entrada,Permitido
User_038,18F9,2026-02-16,13:51:12,Entrada,Permitido
User_033,08DB,2026-03-06,11:30:12,Salida,Permitido
User_024,2291,2026-03-17,12:56:12,Entrada,Permitido
User_034,09E0,2026-05-10,13:27:12,Salida,Permitido
User_019,15B3,2026-03-07,14:12:12,Entrada,Permitido
User_016,17A3,2026-04-06,13:29:12,Entrada,Permitido
User_006,1C61,2026-03-03,20:59:12,Entrada,Permitido
User_010,246A,2026-03-12,09:08:12,Entrada,Permitido
User_009,19B2,2026-02-25,16:56:12,Salida,Permitido
User_016,17A3,2026-02-25,11:46:12,Salida,Permitido
User_005,1A4E,2026-03-02,13:40:12,Salida,Denegado
User_010,246A,2026-04-12,13:42:12,Entrada,Permitido
User_046,1FA3,2026-02-19,11:48:12,Entrada,Permitido
User_007,05BA,2026-02-12,08:05:12,Entrada,Permitido
User_040,24D9,2026-04-15,15:25:12,Entrada,Permitido
User_031,0B53,2026-05-10,13:42:12,Salida,Permitido
User_017,1CFC,2026-02-12,12:39:12,Entrada,Permitido
User_035,11CC,2026-05-03,14:22:12,Salida,Permitido
User_019,15B3,2026-05-07,06:58:12,Salida,Permitido
User_041,2141,2026-04-19,10:26:12,Salida,Permitido
User_014,0D69,2026-03-31,17:41:12,Entrada,Permitido
User_047,06EF,2026-04-02,18:19:12,Entrada,Permitido
User_019,15B3,2026-03-24,16:18:12,Salida,Permitido
User_025,0BE7,2026-02-16,13:35:12,Entrada,Permitido
User_025,0BE7,2026-04-06,21:37:12,Entrada,Permitido
User_028,0E96,2026-02-13,13:22:12,Salida,Permitido
User_026,0EA3,2026-03-30,17:41:12,Salida,Permitido
User_048,240A,2026-05-07,08:10:12,Salida,Denegado
User_029,0FA5,2026-04-14,13:46:12,Salida,Permitido
User_040,24D9,2026-02-17,10:38:12,Salida,Permitido
User_007,05BA,2026-03-26,15:53:12,Entrada,Permitido
User_036,131A,2026-03-19,11:52:12,Entrada,Permitido
User_048,240A,2026-02-15,12:25:12,Salida,Permitido
User_031,0B53,2026-02-27,16:11:12,Salida,Permitido
User_050,0A19,2026-04-29,10:38:12,Salida,Permitido
User_008,1532,2026-04-30,12:14:12,Salida,Permitido
User_034,09E0,2026-05-09,13:41:12,Salida,Permitido
User_034,09E0,2026-04-13,14:26:12,Entrada,Permitido
User_034,09E0,2026-05-03,17:42:12,Entrada,Permitido
User_014,0D69,2026-02-18,12:38:12,Entrada,Permitido
User_014,0D69,2026-05-10,06:32:12,Entrada,Permitido
User_037,266E,2026-02-26,20:01:12,Salida,Permitido
User_017,1CFC,2026-05-01,16:32:12,Salida,Permitido
User_017,1CFC,2026-05-10,09:16:12,Entrada,Permitido
User_041,2141,2026-03-19,12:08:12,Entrada,Permitido
User_022,25C2,2026-04-15,07:33:12,Salida,Permitido
User_038,18F9,2026-02-28,09:12:12,Entrada,Permitido
User_018,0888,2026-03-09,16:54:12,Salida,Permitido
User_042,0E1C,2026-04-06,18:24:12,Salida,Permitido
User_042,0E1C,2026-05-02,11:26:12,Salida,Permitido
User_030,161A,2026-04-09,15:17:12,Entrada,Permitido
User_046,1FA3,2026-03-31,06:03:12,Salida,Permitido
User_026,0EA3,2026-04-29,11:53:12,Entrada,Permitido
User_020,1121,2026-05-09,16:38:12,Entrada,Permitido
User_049,1038,2026-03-06,07:33:12,Salida,Permitido
User_035,11CC,2026-04-13,13:41:12,Entrada,Denegado
User_029,0FA5,2026-03-23,17:41:12,Entrada,Permitido
User_017,1CFC,2026-03-20,13:25:12,Salida,Permitido
User_022,25C2,2026-04-18,09:55:12,Entrada,Permitido
User_001,204E,2026-04-03,14:32:12,Entrada,Permitido
User_001,204E,2026-03-03,13:05:12,Entrada,Permitido
User_001,204E,2026-04-25,13:54:12,Entrada,Permitido
User_007,05BA,2026-03-26,13:45:12,Entrada,Permitido
User_014,0D69,2026-02-26,22:18:12,Salida,Permitido
User_050,0A19,2026-05-02,18:43:12,Entrada,Permitido
User_047,06EF,2026-04-09,13:17:12,Salida,Permitido
User_033,08DB,2026-03-05,17:06:12,Entrada,Permitido
User_002,0744,2026-04-06,18:09:12,Entrada,Denegado
User_016,17A3,2026-04-29,19:14:12,Entrada,Permitido
User_041,2141,2026-03-23,12:34:12,Salida,Permitido
User_031,0B53,2026-05-03,20:17:12,Entrada,Permitido
User_034,09E0,2026-03-12,15:47:12,Salida,Permitido
User_033,08DB,2026-04-25,14:02:12,Salida,Permitido
User_041,2141,2026-03-14,13:26:12,Salida,Permitido
User_046,1FA3,2026-04-10,10:47:12,Entrada,Permitido
User_025,0BE7,2026-05-08,15:11:12,Entrada,Permitido
User_033,08DB,2026-04-26,13:54:12,Entrada,Permitido
User_024,2291,2026-03-22,10:57:12,Entrada,Permitido
User_037,266E,2026-04-08,12:35:12,Entrada,Permitido
User_050,0A19,2026-03-22,13:09:12,Salida,Permitido
User_029,0FA5,2026-03-06,09:56:12,Entrada,Permitido
User_049,1038,2026-03-11,17:42:12,Entrada,Permitido
User_047,06EF,2026-02-19,12:39:12,Entrada,Permitido
User_026,0EA3,2026-05-10,05:37:12,Entrada,Denegado
User_018,0888,2026-04-04,05:23:12,Salida,Permitido
User_043,1F69,2026-03-31,15:06:12,Salida,Denegado
User_036,131A,2026-02-17,15:35:12,Salida,Permitido
User_049,1038,2026-03-07,04:21:12,Entrada,Permitido
User_008,1532,2026-03-11,22:31:12,Entrada,Permitido
User_043,1F69,2026-03-08,10:37:12,Salida,Permitido
User_045,1956,2026-05-05,09:23:12,Salida,Permitido
User_014,0D69,2026-05-09,02:45:12,Salida,Permitido
User_048,240A,2026-03-22,16:59:12,Salida,Permitido
User_046,1FA3,2026-02-13,09:06:12,Salida,Permitido
User_036,131A,2026-04-29,05:57:12,Entrada,Permitido
User_022,25C2,2026-02-28,16:23:12,Salida,Permitido
User_040,24D9,2026-04-22,21:31:12,Salida,Permitido
User_048,240A,2026-02-17,19:10:12,Salida,Permitido
User_003,18F6,2026-04-20,14:26:12,Entrada,Permitido
User_026,0EA3,2026-03-03,20:19:12,Entrada,Permitido
User_008,1532,2026-05-09,10:06:12,Salida,Permitido
User_044,1C43,2026-03-16,17:52:12,Salida,Permitido
User_003,18F6,2026-04-13,12:50:12,Salida,Permitido
User_042,0E1C,2026-05-06,18:33:12,Salida,Permitido
User_019,15B3,2026-02-12,14:17:12,Entrada,Permitido
User_012,06E9,2026-04-24,10:13:12,Entrada,Permitido
User_036,131A,2026-02-20,10:47:12,Entrada,Permitido
User_014,0D69,2026-04-05,17:01:12,Entrada,Permitido
User_050,0A19,2026-03-21,12:20:12,Entrada,Permitido
User_044,1C43,2026-05-07,16:55:12,Salida,Permitido
User_006,1C61,2026-02-27,11:02:12,Entrada,Denegado
User_006,1C61,2026-05-06,14:08:12,Entrada,Permitido
User_018,0888,2026-04-07,11:23:12,Entrada,Permitido
User_046,1FA3,2026-04-03,19:53:12,Entrada,Permitido
User_011,0A7D,2026-03-05,12:32:12,Entrada,Permitido
User_037,266E,2026-05-05,10:46:12,Salida,Permitido
User_018,0888,2026-05-09,17:04:12,Entrada,Permitido
User_011,0A7D,2026-04-17,15:09:12,Salida,Permitido
User_013,1F0D,2026-03-22,17:29:12,Entrada,Permitido
User_023,0DE6,2026-04-05,13:27:12,Entrada,Permitido
User_008,1532,2026-02-28,13:41:12,Entrada,Permitido
User_003,18F6,2026-05-11,16:51:12,Salida,Permitido
User_012,06E9,2026-02-12,18:13:12,Entrada,Permitido
User_026,0EA3,2026-05-09,06:23:12,Entrada,Permitido
User_009,19B2,2026-03-14,13:22:12,Salida,Permitido
User_046,1FA3,2026-04-01,08:26:12,Entrada,Permitido
User_040,24D9,2026-03-10,08:59:12,Entrada,Permitido
User_004,182F,2026-02-21,17:55:12,Salida,Permitido
User_029,0FA5,2026-05-06,08:38:12,Salida,Permitido
User_016,17A3,2026-04-12,12:15:12,Salida,Permitido
User_042,0E1C,2026-03-07,03:03:12,Entrada,Permitido
User_005,1A4E,2026-04-28,13:50:12,Salida,Permitido
User_014,0D69,2026-04-26,12:44:12,Entrada,Permitido
User_037,266E,2026-04-02,13:21:12,Entrada,Permitido
User_015,18A7,2026-02-15,07:21:12,Entrada,Denegado
User_018,0888,2026-05-01,10:51:12,Entrada,Permitido
User_034,09E0,2026-03-18,19:04:12,Entrada,Permitido
User_034,09E0,2026-04-29,18:15:12,Entrada,Permitido
User_050,0A19,2026-04-30,15:03:12,Entrada,Permitido
User_039,2640,2026-05-11,12:28:12,Entrada,Permitido
User_035,11CC,2026-03-28,19:33:12,Entrada,Permitido
User_004,182F,2026-04-22,17:34:12,Entrada,Permitido
User_031,0B53,2026-03-13,09:54:12,Entrada,Permitido
User_026,0EA3,2026-05-01,18:08:12,Salida,Permitido
User_004,182F,2026-05-01,03:47:12,Salida,Permitido
User_050,0A19,2026-03-31,10:23:12,Entrada,Permitido
User_031,0B53,2026-03-26,16:04:12,Entrada,Permitido
User_016,17A3,2026-03-19,11:32:12,Entrada,Permitido
User_013,1F0D,2026-03-01,09:47:12,Entrada,Permitido
User_045,1956,2026-03-26,10:18:12,Entrada,Permitido
User_034,09E0,2026-04-17,07:16:12,Entrada,Permitido
User_027,04A5,2026-04-11,13:02:12,Entrada,Permitido
User_049,1038,2026-04-29,12:51:12,Entrada,Permitido
User_036,131A,2026-04-01,08:44:12,Entrada,Permitido
User_029,0FA5,2026-03-25,06:21:12,Entrada,Permitido
User_007,05BA,2026-04-09,23:38:12,Salida,Permitido
User_046,1FA3,2026-05-08,13:36:12,Salida,Permitido
User_018,0888,2026-03-29,10:17:12,Salida,Permitido
User_033,08DB,2026-04-16,17:46:12,Entrada,Permitido
User_045,1956,2026-04-06,14:31:12,Entrada,Permitido
User_021,1CE4,2026-04-07,16:34:12,Salida,Permitido
User_019,15B3,2026-05-04,06:07:12,Entrada,Permitido
User_042,0E1C,2026-04-10,11:58:12,Entrada,Permitido
User_019,15B3,2026-02-27,13:16:12,Salida,Permitido
User_007,05BA,2026-05-02,12:35:12,Salida,Permitido
User_019,15B3,2026-02-22,12:29:12,Entrada,Permitido
User_035,11CC,2026-03-05,07:11:12,Entrada,Permitido
User_035,11CC,2026-05-07,08:38:12,Entrada,Permitido
User_001,204E,2026-05-06,13:58:12,Entrada,Permitido
User_039,2640,2026-05-07,06:29:12,Salida,Permitido
User_028,0E96,2026-02-28,16:29:12,Salida,Permitido
User_034,09E0,2026-04-22,14:47:12,Entrada,Permitido
User_009,19B2,2026-04-24,16:31:12,Entrada,Permitido
User_002,0744,2026-04-29,11:33:12,Entrada,Permitido
User_038,18F9,2026-04-06,12:12:12,Salida,Permitido
User_042,0E1C,2026-02-15,10:55:12,Entrada,Permitido
User_012,06E9,2026-02-28,13:55:12,Salida,Permitido
User_041,2141,2026-03-16,19:17:12,Entrada,Denegado
User_034,09E0,2026-03-26,16:48:12,Entrada,Permitido
User_022,25C2,2026-05-07,15:21:12,Entrada,Permitido
User_029,0FA5,2026-03-30,10:13:12,Entrada,Permitido
User_017,1CFC,2026-04-03,09:17:12,Salida,Permitido
User_009,19B2,2026-04-28,07:15:12,Salida,Permitido
User_004,182F,2026-03-22,06:59:12,Entrada,Permitido
User_044,1C43,2026-05-10,14:25:12,Entrada,Permitido
User_036,131A,2026-05-02,14:52:12,Salida,Permitido
User_002,0744,2026-04-03,13:33:12,Entrada,Permitido
User_035,11CC,2026-04-11,13:09:12,Salida,Permitido
User_039,2640,2026-03-21,17:21:12,Entrada,Permitido
User_016,17A3,2026-03-27,22:46:12,Entrada,Permitido
User_011,0A7D,2026-04-22,14:03:12,Entrada,Permitido
User_011,0A7D,2026-04-22,07:56:12,Entrada,Permitido
User_032,221E,2026-03-02,08:36:12,Salida,Permitido
User_045,1956,2026-02-21,09:17:12,Salida,Permitido
User_006,1C61,2026-03-20,15:36:12,Entrada,Permitido
User_008,1532,2026-03-19,16:00:12,Salida,Permitido
User_047,06EF,2026-02-15,14:04:12,Salida,Permitido
User_010,246A,2026-04-30,11:53:12,Entrada,Denegado
User_023,0DE6,2026-02-26,13:52:12,Entrada,Permitido
User_028,0E96,2026-04-04,17:50:12,Salida,Permitido
User_027,04A5,2026-04-09,07:18:12,Entrada,Permitido
User_038,18F9,2026-04-20,15:34:12,Salida,Denegado
User_032,221E,2026-03-09,00:40:12,Salida,Permitido
User_039,2640,2026-02-14,14:14:12,Salida,Permitido
User_011,0A7D,2026-04-09,06:13:12,Entrada,Permitido
User_018,0888,2026-04-16,08:46:12,Entrada,Permitido
User_001,204E,2026-03-07,16:02:12,Entrada,Permitido
User_010,246A,2026-04-20,18:20:12,Entrada,Permitido
User_031,0B53,2026-02-20,10:32:12,Entrada,Denegado
User_049,1038,2026-02-13,06:21:12,Salida,Permitido
User_021,1CE4,2026-05-11,09:19:12,Entrada,Permitido
User_016,17A3,2026-02-11,16:27:12,Salida,Permitido
User_031,0B53,2026-02-23,05:32:12,Salida,Permitido
User_026,0EA3,2026-04-09,05:10:12,Entrada,Permitido
User_008,1532,2026-02-18,20:49:12,Entrada,Permitido
User_021,1CE4,2026-04-15,11:07:12,Entrada,Permitido
User_031,0B53,2026-02-19,13:40:12,Salida,Permitido
User_045,1956,2026-03-19,11:33:12,Salida,Permitido
User_029,0FA5,2026-05-01,09:42:12,Salida,Permitido
User_009,19B2,2026-05-09,13:24:12,Entrada,Permitido
User_043,1F69,2026-04-23,16:18:12,Salida,Permitido
User_046,1FA3,2026-04-17,17:36:12,Salida,Permitido
User_023,0DE6,2026-04-25,04:14:12,Salida,Permitido
User_002,0744,2026-04-09,14:09:12,Salida,Permitido
User_022,25C2,2026-03-19,15:31:12,Salida,Permitido
User_001,204E,2026-02-13,12:57:12,Salida,Permitido
User_044,1C43,2026-03-27,14:39:12,Entrada,Permitido
User_017,1CFC,2026-04-05,10:26:12,Entrada,Permitido
User_011,0A7D,2026-04-16,09:54:12,Salida,Permitido
User_011,0A7D,2026-05-03,17:45:12,Entrada,Permitido
User_023,0DE6,2026-04-22,14:18:12,Salida,Permitido
User_048,240A,2026-04-30,12:13:12,Salida,Permitido
User_004,182F,2026-03-02,15:39:12,Entrada,Permitido
User_035,11CC,2026-03-12,13:05:12,Entrada,Permitido
User_016,17A3,2026-04-09,10:02:12,Entrada,Permitido
User_037,266E,2026-04-04,13:47:12,Entrada,Permitido
User_018,0888,2026-04-01,11:13:12,Salida,Permitido
User_039,2640,2026-03-29,09:50:12,Entrada,Permitido
User_017,1CFC,2026-05-01,08:42:12,Salida,Permitido
User_048,240A,2026-02-24,14:10:12,Salida,Permitido
User_047,06EF,2026-04-02,12:30:12,Salida,Permitido
User_004,182F,2026-02-22,13:40:12,Entrada,Permitido
User_035,11CC,2026-02-15,14:44:12,Entrada,Permitido
User_029,0FA5,2026-04-29,15:36:12,Entrada,Permitido
User_029,0FA5,2026-04-30,19:08:12,Entrada,Permitido
User_011,0A7D,2026-02-24,07:14:12,Entrada,Permitido
User_038,18F9,2026-03-27,16:31:12,Salida,Denegado
User_038,18F9,2026-04-28,13:15:12,Entrada,Permitido
User_037,266E,2026-02-18,19:05:12,Salida,Permitido
User_042,0E1C,2026-03-14,13:44:12,Entrada,Permitido
User_012,06E9,2026-03-11,11:41:12,Entrada,Permitido
User_003,18F6,2026-03-28,17:15:12,Entrada,Permitido
User_044,1C43,2026-03-17,11:05:12,Entrada,Permitido
User_044,1C43,2026-03-29,16:13:12,Entrada,Permitido
User_005,1A4E,2026-04-09,14:07:12,Entrada,Permitido
User_037,266E,2026-03-12,10:18:12,Entrada,Permitido
User_003,18F6,2026-02-23,13:35:12,Entrada,Permitido
User_049,1038,2026-03-24,11:23:12,Entrada,Permitido
User_039,2640,2026-05-11,15:03:12,Entrada,Permitido
User_030,161A,2026-03-12,08:19:12,Salida,Denegado
User_020,1121,2026-03-07,08:19:12,Salida,Permitido
User_032,221E,2026-03-08,18:38:12,Entrada,Permitido
User_042,0E1C,2026-03-11,19:30:12,Salida,Permitido
User_016,17A3,2026-03-05,10:18:12,Salida,Permitido
User_005,1A4E,2026-04-20,20:26:12,Salida,Permitido
User_023,0DE6,2026-02-28,19:01:12,Entrada,Permitido
User_013,1F0D,2026-03-21,02:00:12,Salida,Permitido
User_046,1FA3,2026-04-01,14:49:12,Entrada,Permitido
User_041,2141,2026-04-23,10:40:12,Entrada,Permitido
User_006,1C61,2026-03-08,13:50:12,Salida,Permitido
User_023,0DE6,2026-03-30,09:24:12,Entrada,Permitido
User_009,19B2,2026-04-30,13:03:12,Entrada,Permitido
User_034,09E0,2026-03-17,10:07:12,Salida,Permitido
User_049,1038,2026-03-01,13:14:12,Entrada,Permitido
User_012,06E9,2026-02-15,14:39:12,Salida,Permitido
User_013,1F0D,2026-03-23,12:13:12,Entrada,Permitido
User_024,2291,2026-03-04,16:57:12,Salida,Permitido
User_015,18A7,2026-04-11,17:42:12,Entrada,Permitido
User_010,246A,2026-03-31,12:13:12,Entrada,Denegado
User_031,0B53,2026-03-08,13:40:12,Entrada,Permitido
User_025,0BE7,2026-03-30,13:37:12,Salida,Permitido
User_021,1CE4,2026-04-16,11:32:12,Salida,Permitido
User_044,1C43,2026-03-10,15:07:12,Entrada,Denegado
User_005,1A4E,2026-02-19,15:32:12,Salida,Permitido
User_049,1038,2026-04-17,22:41:12,Entrada,Denegado
User_031,0B53,2026-02-21,17:34:12,Entrada,Permitido
User_027,04A5,2026-02-12,17:16:12,Salida,Permitido
User_020,1121,2026-04-12,15:49:12,Salida,Permitido
User_032,221E,2026-03-08,08:44:12,Entrada,Permitido
User_019,15B3,2026-02-22,12:59:12,Entrada,Denegado
User_012,06E9,2026-02-15,07:08:12,Salida,Permitido
User_020,1121,2026-03-13,15:16:12,Entrada,Permitido
User_008,1532,2026-05-09,21:01:12,Entrada,Permitido
User_042,0E1C,2026-03-21,21:36:12,Entrada,Permitido
User_024,2291,2026-03-29,09:34:12,Entrada,Permitido
User_032,221E,2026-02-25,12:47:12,Entrada,Permitido
User_016,17A3,2026-03-23,15:29:12,Salida,Permitido
User_016,17A3,2026-05-11,15:29:12,Entrada,Permitido
User_015,18A7,2026-03-31,05:09:12,Entrada,Permitido
User_019,15B3,2026-04-04,11:50:12,Entrada,Permitido
User_046,1FA3,2026-03-15,11:44:12,Salida,Permitido
User_019,15B3,2026-04-21,17:46:12,Salida,Permitido
User_025,0BE7,2026-04-19,13:41:12,Entrada,Permitido
User_016,17A3,2026-02-26,11:51:12,Entrada,Permitido
User_021,1CE4,2026-04-01,08:43:12,Entrada,Permitido
User_020,1121,2026-03-07,09:13:12,Entrada,Permitido
User_038,18F9,2026-02-13,06:06:12,Salida,Permitido
User_034,09E0,2026-03-29,12:26:12,Entrada,Permitido
User_007,05BA,2026-03-28,12:10:12,Salida,Permitido
User_017,1CFC,2026-02-24,18:51:12,Entrada,Permitido
User_024,2291,2026-04-14,12:43:12,Entrada,Permitido
User_037,266E,2026-03-08,13:20:12,Salida,Denegado
User_020,1121,2026-04-05,12:04:12,Entrada,Permitido
User_011,0A7D,2026-03-13,14:00:12,Salida,Permitido
User_023,0DE6,2026-03-01,11:48:12,Entrada,Permitido
User_043,1F69,2026-03-08,09:55:12,Entrada,Permitido
User_004,182F,2026-05-07,13:37:12,Entrada,Permitido
User_002,0744,2026-02-18,15:40:12,Entrada,Permitido
User_050,0A19,2026-02-24,22:46:12,Entrada,Permitido
User_003,18F6,2026-04-04,12:50:12,Entrada,Permitido
User_039,2640,2026-03-07,16:30:12,Salida,Permitido
User_044,1C43,2026-04-01,16:34:12,Entrada,Permitido
User_014,0D69,2026-04-23,13:48:12,Salida,Permitido
User_008,1532,2026-05-02,12:54:12,Entrada,Permitido
User_014,0D69,2026-04-18,13:13:12,Entrada,Permitido
User_017,1CFC,2026-02-17,16:41:12,Salida,Permitido
User_017,1CFC,2026-03-14,10:17:12,Entrada,Permitido
User_024,2291,2026-03-16,16:51:12,Salida,Permitido
User_024,2291,2026-04-16,13:18:12,Entrada,Permitido
User_022,25C2,2026-03-17,15:03:12,Salida,Permitido
User_018,0888,2026-04-29,10:53:12,Salida,Permitido
User_004,182F,2026-02-15,12:44:12,Salida,Permitido
User_039,2640,2026-04-14,08:45:12,Entrada,Permitido
User_039,2640,2026-04-13,11:50:12,Entrada,Permitido
User_050,0A19,2026-02-14,12:36:12,Salida,Permitido
User_003,18F6,2026-03-02,10:30:12,Salida,Permitido
User_003,18F6,2026-05-08,14:09:12,Entrada,Permitido
User_041,2141,2026-03-30,09:56:12,Salida,Permitido
User_044,1C43,2026-03-07,07:27:12,Entrada,Permitido
User_004,182F,2026-03-01,12:39:12,Salida,Permitido
User_033,08DB,2026-02-20,20:48:12,Salida,Permitido
User_002,0744,2026-04-27,03:05:12,Salida,Permitido
User_044,1C43,2026-02-12,22:06:12,Salida,Permitido
User_033,08DB,2026-02-16,17:55:12,Entrada,Permitido
User_032,221E,2026-03-09,12:51:12,Entrada,Permitido
User_008,1532,2026-04-08,10:53:12,Entrada,Permitido
User_035,11CC,2026-04-22,09:06:12,Salida,Permitido
User_022,25C2,2026-02-21,17:59:12,Entrada,Permitido
User_049,1038,2026-03-28,08:38:12,Entrada,Permitido
User_015,18A7,2026-02-27,04:44:12,Entrada,Permitido
User_016,17A3,2026-02-19,08:24:12,Salida,Permitido
User_010,246A,2026-02-16,11:07:12,Salida,Permitido
User_020,1121,2026-04-08,06:20:12,Salida,Permitido
User_012,06E9,2026-02-20,04:36:12,Entrada,Denegado
User_036,131A,2026-03-21,10:07:12,Entrada,Permitido
User_004,182F,2026-03-12,12:23:12,Entrada,Permitido
User_031,0B53,2026-05-08,10:33:12,Entrada,Permitido
User_029,0FA5,2026-04-15,13:10:12,Entrada,Permitido
User_039,2640,2026-04-13,13:52:12,Salida,Permitido
User_036,131A,2026-05-10,14:35:12,Salida,Permitido
User_031,0B53,2026-03-10,15:51:12,Entrada,Permitido
User_012,06E9,2026-04-24,17:34:12,Salida,Permitido
User_027,04A5,2026-03-07,13:39:12,Salida,Permitido
User_047,06EF,2026-04-22,16:49:12,Entrada,Denegado
User_039,2640,2026-03-19,11:19:12,Entrada,Permitido
User_046,1FA3,2026-05-02,17:53:12,Entrada,Permitido
User_027,04A5,2026-02-18,18:00:12,Entrada,Permitido
User_050,0A19,2026-03-02,12:27:12,Entrada,Permitido
User_008,1532,2026-03-20,06:47:12,Entrada,Permitido
User_012,06E9,2026-02-27,10:26:12,Entrada,Permitido
User_012,06E9,2026-05-10,16:17:12,Salida,Permitido
User_035,11CC,2026-04-05,16:08:12,Entrada,Permitido
User_008,1532,2026-05-10,15:33:12,Salida,Permitido
User_012,06E9,2026-04-21,07:10:12,Salida,Permitido
User_029,0FA5,2026-05-01,17:19:12,Salida,Permitido
User_039,2640,2026-03-19,18:01:12,Salida,Permitido
User_033,08DB,2026-03-13,17:01:12,Salida,Permitido
User_023,0DE6,2026-03-28,07:07:12,Entrada,Permitido
User_003,18F6,2026-03-20,16:10:12,Entrada,Permitido
User_018,0888,2026-03-27,14:55:12,Entrada,Permitido
User_049,1038,2026-04-14,17:49:12,Salida,Permitido
User_047,06EF,2026-03-16,15:47:12,Entrada,Permitido
User_012,06E9,2026-05-06,17:04:12,Salida,Permitido
User_006,1C61,2026-02-26,18:19:12,Entrada,Permitido
User_043,1F69,2026-03-21,10:56:12,Entrada,Permitido
User_001,204E,2026-03-31,09:47:12,Entrada,Permitido
User_025,0BE7,2026-02-17,15:41:12,Salida,Denegado
User_024,2291,2026-02-21,10:20:12,Entrada,Permitido
User_036,131A,2026-04-08,09:48:12,Entrada,Permitido
User_012,06E9,2026-03-16,07:18:12,Entrada,Permitido
User_013,1F0D,2026-03-13,11:22:12,Entrada,Denegado
User_039,2640,2026-04-28,10:48:12,Salida,Permitido
User_019,15B3,2026-04-22,17:13:12,Entrada,Permitido
User_006,1C61,2026-04-12,11:37:12,Entrada,Permitido
User_006,1C61,2026-03-11,13:15:12,Entrada,Permitido
User_037,266E,2026-04-12,11:39:12,Entrada,Denegado
User_033,08DB,2026-04-16,08:39:12,Salida,Permitido
User_037,266E,2026-05-05,13:12:12,Entrada,Permitido
User_014,0D69,2026-03-13,10:40:12,Entrada,Permitido
User_017,1CFC,2026-05-07,12:36:12,Entrada,Permitido
User_004,182F,2026-03-18,13:05:12,Entrada,Permitido
User_039,2640,2026-05-05,13:44:12,Entrada,Permitido
User_021,1CE4,2026-03-28,14:31:12,Entrada,Permitido
User_003,18F6,2026-05-10,13:30:12,Salida,Permitido
User_010,246A,2026-05-03,05:24:12,Entrada,Permitido
User_027,04A5,2026-04-29,10:35:12,Salida,Permitido
User_049,1038,2026-03-30,14:51:12,Entrada,Permitido
User_020,1121,2026-04-15,13:22:12,Entrada,Permitido
User_010,246A,2026-04-21,14:06:12,Salida,Permitido
User_045,1956,2026-03-19,13:17:12,Salida,Permitido
User_041,2141,2026-05-09,06:19:12,Salida,Permitido
User_006,1C61,2026-04-16,21:11:12,Salida,Permitido
User_038,18F9,2026-02-21,18:18:12,Entrada,Permitido
User_033,08DB,2026-02-23,09:29:12,Salida,Permitido
User_009,19B2,2026-03-13,10:11:12,Salida,Permitido
User_043,1F69,2026-03-13,13:17:12,Salida,Permitido
User_015,18A7,2026-02-20,07:29:12,Entrada,Permitido
User_040,24D9,2026-05-05,11:45:12,Entrada,Permitido
User_030,161A,2026-03-24,15:07:12,Entrada,Permitido
User_020,1121,2026-04-12,19:34:12,Entrada,Permitido
User_012,06E9,2026-03-04,18:44:12,Salida,Permitido
User_011,0A7D,2026-03-06,12:11:12,Entrada,Permitido
User_024,2291,2026-04-28,14:27:12,Entrada,Permitido
User_011,0A7D,2026-04-02,06:46:12,Entrada,Permitido
User_039,2640,2026-03-24,16:03:12,Salida,Permitido
User_012,06E9,2026-03-29,04:53:12,Salida,Permitido
User_032,221E,2026-03-08,09:09:12,Entrada,Permitido
User_039,2640,2026-04-22,19:03:12,Entrada,Permitido
User_046,1FA3,2026-03-31,10:30:12,Salida,Permitido
User_004,182F,2026-02-19,16:52:12,Entrada,Permitido
User_042,0E1C,2026-03-25,08:27:12,Entrada,Permitido
User_037,266E,2026-05-04,17:05:12,Entrada,Permitido
User_026,0EA3,2026-05-07,10:44:12,Salida,Permitido
User_018,0888,2026-04-25,11:35:12,Entrada,Permitido
User_013,1F0D,2026-05-10,09:09:12,Entrada,Permitido
User_039,2640,2026-02-20,12:12:12,Salida,Permitido
User_047,06EF,2026-02-25,13:34:12,Entrada,Permitido
User_025,0BE7,2026-02-16,09:06:12,Salida,Permitido
User_049,1038,2026-04-02,10:45:12,Salida,Permitido
User_014,0D69,2026-03-18,13:47:12,Salida,Permitido
User_036,131A,2026-03-30,18:27:12,Entrada,Permitido
User_040,24D9,2026-03-24,13:48:12,Entrada,Denegado
User_042,0E1C,2026-03-21,11:12:12,Salida,Permitido
User_020,1121,2026-02-20,04:34:12,Salida,Permitido
User_048,240A,2026-03-15,19:05:12,Entrada,Permitido
User_005,1A4E,2026-05-01,13:26:12,Entrada,Denegado
User_048,240A,2026-02-27,10:22:12,Salida,Permitido
User_031,0B53,2026-05-02,13:58:12,Salida,Permitido
User_013,1F0D,2026-04-10,13:59:12,Entrada,Permitido
User_004,182F,2026-04-05,12:09:12,Salida,Permitido
User_023,0DE6,2026-04-27,14:41:12,Salida,Permitido
User_030,161A,2026-04-17,13:43:12,Entrada,Permitido
User_008,1532,2026-03-30,11:55:12,Salida,Permitido
User_050,0A19,2026-03-01,17:58:12,Entrada,Permitido
User_043,1F69,2026-03-02,20:01:12,Entrada,Permitido
User_009,19B2,2026-03-13,19:53:12,Entrada,Permitido
User_006,1C61,2026-04-29,12:50:12,Salida,Permitido
User_049,1038,2026-04-21,17:40:12,Salida,Permitido
User_040,24D9,2026-04-26,10:33:12,Salida,Permitido
User_042,0E1C,2026-03-23,13:47:12,Entrada,Permitido
User_002,0744,2026-04-17,15:46:12,Entrada,Permitido
User_032,221E,2026-04-05,13:45:12,Salida,Permitido
User_002,0744,2026-04-05,09:52:12,Entrada,Permitido
User_004,182F,2026-02-20,16:58:12,Salida,Permitido
User_045,1956,2026-02-27,13:52:12,Salida,Permitido
User_047,06EF,2026-02-24,08:45:12,Entrada,Permitido
User_040,24D9,2026-03-24,13:36:12,Entrada,Permitido
User_028,0E96,2026-02-18,18:42:12,Salida,Permitido
User_022,25C2,2026-05-02,16:20:12,Entrada,Permitido
User_037,266E,2026-02-21,10:31:12,Entrada,Permitido
User_011,0A7D,2026-04-03,16:51:12,Entrada,Permitido
User_048,240A,2026-05-06,13:03:12,Salida,Permitido
User_013,1F0D,2026-04-24,07:59:12,Salida,Permitido
User_013,1F0D,2026-03-21,09:39:12,Entrada,Permitido
User_049,1038,2026-04-28,13:13:12,Entrada,Permitido
User_009,19B2,2026-02-24,10:59:12,Entrada,Permitido
User_017,1CFC,2026-03-06,12:10:12,Salida,Permitido
User_017,1CFC,2026-03-25,10:19:12,Entrada,Permitido
User_020,1121,2026-02-26,09:00:12,Salida,Denegado
User_033,08DB,2026-03-12,21:10:12,Salida,Permitido
User_028,0E96,2026-03-05,11:26:12,Entrada,Permitido
User_046,1FA3,2026-04-15,17:49:12,Salida,Permitido
User_044,1C43,2026-04-26,12:03:12,Salida,Permitido
User_002,0744,2026-03-04,08:31:12,Salida,Permitido
User_009,19B2,2026-04-08,10:36:12,Salida,Permitido
User_045,1956,2026-04-12,05:26:12,Entrada,Permitido
User_014,0D69,2026-03-18,20:14:12,Salida,Permitido
User_001,204E,2026-04-08,16:38:12,Entrada,Permitido
User_019,15B3,2026-04-08,06:58:12,Entrada,Permitido
User_020,1121,2026-03-19,08:14:12,Entrada,Permitido
User_026,0EA3,2026-02-12,16:29:12,Salida,Permitido
User_040,24D9,2026-04-06,09:56:12,Entrada,Permitido
User_004,182F,2026-03-15,10:52:12,Entrada,Permitido
User_018,0888,2026-04-14,16:31:12,Entrada,Permitido
User_011,0A7D,2026-04-15,13:43:12,Entrada,Permitido
User_025,0BE7,2026-04-10,10:19:12,Salida,Permitido
User_019,15B3,2026-03-05,11:27:12,Salida,Permitido
User_001,204E,2026-05-11,07:09:12,Entrada,Permitido
User_047,06EF,2026-03-26,20:58:12,Salida,Permitido
User_034,09E0,2026-02-12,09:38:12,Salida,Permitido
User_008,1532,2026-03-05,10:53:12,Salida,Permitido
User_032,221E,2026-05-11,13:28:12,Entrada,Permitido
User_015,18A7,2026-02-23,21:35:12,Salida,Permitido
User_022,25C2,2026-02-25,12:21:12,Entrada,Permitido
User_028,0E96,2026-04-16,11:48:12,Salida,Permitido
User_038,18F9,2026-04-21,09:51:12,Entrada,Denegado
User_010,246A,2026-04-05,13:09:12,Salida,Permitido
User_039,2640,2026-03-10,12:41:12,Entrada,Permitido
User_043,1F69,2026-04-30,14:23:12,Salida,Permitido
User_042,0E1C,2026-03-05,10:56:12,Entrada,Permitido
User_024,2291,2026-04-02,10:27:12,Entrada,Permitido
User_050,0A19,2026-05-03,02:18:12,Salida,Permitido
User_030,161A,2026-03-05,20:08:12,Entrada,Denegado
User_009,19B2,2026-02-23,13:09:12,Salida,Permitido
User_031,0B53,2026-04-03,13:26:12,Salida,Permitido
User_045,1956,2026-05-06,11:44:12,Entrada,Permitido
User_028,0E96,2026-05-06,11:25:12,Entrada,Permitido
User_006,1C61,2026-04-24,15:48:12,Salida,Permitido
User_018,0888,2026-04-02,13:07:12,Entrada,Permitido
User_024,2291,2026-02-23,13:54:12,Salida,Permitido
User_027,04A5,2026-05-04,10:47:12,Entrada,Permitido
User_044,1C43,2026-04-12,22:10:12,Salida,Permitido
User_031,0B53,2026-04-18,07:00:12,Entrada,Permitido
User_027,04A5,2026-05-10,18:29:12,Entrada,Permitido
User_039,2640,2026-02-13,09:02:12,Entrada,Permitido
User_019,15B3,2026-04-07,13:58:12,Entrada,Permitido
User_014,0D69,2026-03-31,10:42:12,Entrada,Permitido
User_034,09E0,2026-03-05,07:59:12,Entrada,Permitido
User_041,2141,2026-03-09,20:03:12,Entrada,Permitido
User_015,18A7,2026-02-23,15:22:12,Entrada,Denegado
User_028,0E96,2026-03-06,14:00:12,Salida,Permitido
User_016,17A3,2026-03-15,17:40:12,Salida,Permitido
User_031,0B53,2026-03-10,23:06:12,Entrada,Permitido
User_002,0744,2026-03-06,10:25:12,Salida,Permitido
User_050,0A19,2026-03-06,16:37:12,Entrada,Permitido
User_001,204E,2026-04-01,14:57:12,Salida,Permitido
User_017,1CFC,2026-03-18,16:17:12,Entrada,Permitido
User_022,25C2,2026-03-19,10:58:12,Entrada,Permitido
User_047,06EF,2026-04-20,13:32:12,Entrada,Permitido
User_047,06EF,2026-03-15,10:49:12,Entrada,Permitido
User_028,0E96,2026-03-15,19:08:12,Entrada,Permitido
User_047,06EF,2026-04-07,13:12:12,Entrada,Denegado
User_006,1C61,2026-05-10,13:53:12,Salida,Permitido
User_043,1F69,2026-03-11,11:01:12,Salida,Permitido
User_046,1FA3,2026-03-18,19:11:12,Salida,Permitido
User_050,0A19,2026-04-19,08:28:12,Entrada,Denegado
User_015,18A7,2026-03-15,09:49:12,Salida,Denegado
User_016,17A3,2026-04-16,07:35:12,Salida,Permitido
User_017,1CFC,2026-05-10,08:02:12,Entrada,Permitido
User_031,0B53,2026-02-22,11:57:12,Salida,Permitido
User_045,1956,2026-04-04,14:05:12,Salida,Permitido
User_045,1956,2026-04-26,08:41:12,Entrada,Permitido
User_043,1F69,2026-03-09,11:15:12,Entrada,Denegado
User_036,131A,2026-03-01,13:09:12,Entrada,Permitido
User_028,0E96,2026-04-16,08:13:12,Entrada,Permitido
User_009,19B2,2026-04-28,19:22:12,Entrada,Permitido
User_002,0744,2026-04-23,14:08:12,Entrada,Permitido
User_030,161A,2026-02-23,09:30:12,Salida,Permitido
User_040,24D9,2026-05-07,14:01:12,Salida,Permitido
User_014,0D69,2026-05-01,14:22:12,Entrada,Permitido
User_031,0B53,2026-03-30,13:39:12,Salida,Permitido
User_017,1CFC,2026-05-11,18:17:12,Salida,Permitido
User_017,1CFC,2026-02-22,05:16:12,Salida,Permitido
User_003,18F6,2026-04-09,18:35:12,Entrada,Permitido
User_026,0EA3,2026-04-19,06:32:12,Entrada,Permitido
User_043,1F69,2026-04-03,11:14:12,Entrada,Permitido
User_010,246A,2026-04-15,16:09:12,Salida,Permitido
User_004,182F,2026-04-30,09:28:12,Salida,Permitido
User_042,0E1C,2026-04-07,10:04:12,Entrada,Permitido
User_001,204E,2026-02-13,15:14:12,Entrada,Permitido
User_033,08DB,2026-04-12,14:00:12,Entrada,Permitido
User_022,25C2,2026-03-30,13:14:12,Salida,Permitido
User_004,182F,2026-03-03,11:37:12,Entrada,Permitido
User_024,2291,2026-02-21,14:52:12,Entrada,Permitido
User_003,18F6,2026-04-16,12:57:12,Entrada,Permitido
User_014,0D69,2026-03-26,13:27:12,Salida,Permitido
User_012,06E9,2026-04-06,15:44:12,Salida,Permitido
User_016,17A3,2026-03-13,16:36:12,Salida,Permitido
User_010,246A,2026-05-09,05:45:12,Salida,Permitido
User_045,1956,2026-02-23,10:44:12,Salida,Permitido
User_003,18F6,2026-04-12,12:33:12,Salida,Permitido
User_018,0888,2026-04-07,14:04:12,Entrada,Permitido
User_028,0E96,2026-04-23,13:16:12,Entrada,Permitido
User_034,09E0,2026-03-08,02:12:12,Entrada,Permitido
User_026,0EA3,2026-03-15,14:42:12,Entrada,Permitido
User_042,0E1C,2026-04-24,09:14:12,Entrada,Permitido
User_042,0E1C,2026-04-02,16:01:12,Entrada,Permitido
User_007,05BA,2026-03-03,16:30:12,Salida,Permitido
User_033,08DB,2026-03-14,10:31:12,Salida,Permitido
User_025,0BE7,2026-05-10,12:44:12,Entrada,Permitido
User_042,0E1C,2026-04-21,06:15:12,Salida,Permitido
User_018,0888,2026-03-08,13:07:12,Salida,Permitido
User_031,0B53,2026-03-19,07:56:12,Entrada,Permitido
User_032,221E,2026-05-09,12:57:12,Salida,Permitido
User_033,08DB,2026-03-13,16:35:12,Salida,Permitido
User_022,25C2,2026-03-01,14:03:12,Entrada,Permitido
User_010,246A,2026-05-01,19:27:12,Salida,Permitido
User_019,15B3,2026-03-03,15:33:12,Entrada,Permitido
User_017,1CFC,2026-03-26,09:29:12,Salida,Permitido
User_012,06E9,2026-02-16,20:52:12,Salida,Permitido
User_018,0888,2026-03-31,10:04:12,Entrada,Permitido
User_039,2640,2026-02-26,15:27:12,Salida,Permitido
User_014,0D69,2026-04-04,08:03:12,Salida,Permitido
User_037,266E,2026-04-15,10:38:12,Entrada,Permitido
User_005,1A4E,2026-02-22,15:08:12,Salida,Permitido
User_009,19B2,2026-05-03,10:01:12,Entrada,Permitido
User_045,1956,2026-02-27,17:16:12,Salida,Permitido
User_030,161A,2026-04-12,13:34:12,Salida,Permitido
User_013,1F0D,2026-02-26,12:48:12,Entrada,Permitido
User_023,0DE6,2026-03-31,11:20:12,Salida,Permitido
User_050,0A19,2026-05-07,18:12:12,Salida,Permitido
User_013,1F0D,2026-03-23,15:10:12,Salida,Permitido
User_005,1A4E,2026-04-20,04:36:12,Entrada,Permitido
User_010,246A,2026-02-26,13:48:12,Entrada,Permitido
User_045,1956,2026-03-29,14:07:12,Entrada,Permitido
User_033,08DB,2026-03-11,17:16:12,Entrada,Permitido
User_003,18F6,2026-04-18,22:51:12,Salida,Permitido
User_018,0888,2026-04-26,15:54:12,Entrada,Permitido
User_001,204E,2026-03-11,15:26:12,Entrada,Permitido
User_045,1956,2026-05-11,06:27:12,Entrada,Permitido
User_033,08DB,2026-02-15,15:25:12,Salida,Permitido
User_019,15B3,2026-03-29,19:05:12,Salida,Permitido
User_031,0B53,2026-02-19,13:11:12,Entrada,Permitido
User_031,0B53,2026-03-19,11:34:12,Entrada,Permitido
User_045,1956,2026-04-12,13:30:12,Entrada,Permitido
User_048,240A,2026-04-17,14:51:12,Entrada,Permitido
User_017,1CFC,2026-04-06,18:33:12,Entrada,Permitido
User_026,0EA3,2026-02-12,12:27:12,Salida,Permitido
User_026,0EA3,2026-04-10,15:35:12,Salida,Permitido
User_026,0EA3,2026-04-02,19:43:12,Entrada,Permitido
User_044,1C43,2026-04-12,18:08:12,Entrada,Permitido
User_028,0E96,2026-03-20,07:44:12,Salida,Permitido
User_025,0BE7,2026-04-12,17:27:12,Salida,Permitido
User_043,1F69,2026-04-11,22:08:12,Salida,Permitido
User_022,25C2,2026-04-06,14:34:12,Entrada,Permitido
User_001,204E,2026-03-11,17:59:12,Salida,Permitido
User_010,246A,2026-05-04,18:56:12,Entrada,Permitido
User_008,1532,2026-03-07,15:55:12,Entrada,Permitido
User_046,1FA3,2026-03-05,15:32:12,Salida,Permitido
User_033,08DB,2026-02-14,12:53:12,Salida,Permitido
User_035,11CC,2026-03-10,09:27:12,Salida,Permitido
User_042,0E1C,2026-04-28,09:58:12,Entrada,Permitido
User_028,0E96,2026-03-12,17:37:12,Entrada,Permitido
User_018,0888,2026-05-10,14:07:12,Entrada,Permitido
User_002,0744,2026-03-21,13:43:12,Salida,Permitido
User_007,05BA,2026-04-05,17:04:12,Salida,Permitido
User_011,0A7D,2026-04-12,04:59:12,Entrada,Permitido
User_004,182F,2026-03-20,09:04:12,Entrada,Permitido
User_037,266E,2026-05-07,09:25:12,Entrada,Permitido
User_013,1F0D,2026-03-17,19:54:12,Entrada,Permitido
User_016,17A3,2026-02-28,17:26:12,Salida,Permitido
User_037,266E,2026-04-17,08:53:12,Entrada,Permitido
User_041,2141,2026-05-01,14:08:12,Entrada,Denegado
User_010,246A,2026-02-28,11:15:12,Entrada,Permitido
User_008,1532,2026-04-15,13:57:12,Entrada,Permitido
User_022,25C2,2026-02-14,17:08:12,Entrada,Permitido
User_011,0A7D,2026-05-11,16:42:12,Entrada,Permitido
User_015,18A7,2026-02-28,13:58:12,Entrada,Permitido
User_049,1038,2026-03-09,12:05:12,Entrada,Permitido
User_038,18F9,2026-02-19,18:23:12,Entrada,Permitido
User_042,0E1C,2026-04-02,15:55:12,Entrada,Permitido
User_016,17A3,2026-03-07,17:06:12,Entrada,Permitido
User_043,1F69,2026-04-07,17:12:12,Salida,Permitido
User_009,19B2,2026-03-11,03:37:12,Entrada,Permitido
User_038,18F9,2026-04-22,09:31:12,Entrada,Permitido
User_003,18F6,2026-02-11,16:01:12,Salida,Permitido
User_033,08DB,2026-05-05,15:56:12,Salida,Permitido
User_033,08DB,2026-04-06,15:30:12,Entrada,Permitido
User_006,1C61,2026-04-30,04:21:12,Salida,Permitido
User_017,1CFC,2026-04-07,11:55:12,Salida,Denegado
User_010,246A,2026-04-06,08:30:12,Entrada,Permitido
User_038,18F9,2026-02-13,18:49:12,Entrada,Permitido
User_028,0E96,2026-04-22,12:03:12,Salida,Permitido
User_044,1C43,2026-02-15,16:06:12,Entrada,Permitido
User_026,0EA3,2026-05-04,09:10:12,Entrada,Permitido
User_049,1038,2026-04-24,15:04:12,Entrada,Permitido
User_005,1A4E,2026-03-09,11:21:12,Entrada,Permitido
User_008,1532,2026-03-11,07:42:12,Salida,Permitido
User_012,06E9,2026-02-21,10:45:12,Salida,Permitido
User_023,0DE6,2026-05-05,11:36:12,Salida,Permitido
User_029,0FA5,2026-02-27,14:07:12,Entrada,Permitido
User_002,0744,2026-05-09,16:42:12,Entrada,Permitido
User_004,182F,2026-02-23,16:06:12,Entrada,Permitido
User_010,246A,2026-03-03,03:53:12,Entrada,Permitido
User_020,1121,2026-04-25,07:57:12,Entrada,Permitido
User_008,1532,2026-04-22,11:17:12,Entrada,Permitido
User_042,0E1C,2026-05-10,12:29:12,Entrada,Permitido
User_027,04A5,2026-02-22,13:18:12,Salida,Permitido
User_050,0A19,2026-03-08,11:48:12,Salida,Permitido
User_008,1532,2026-04-27,21:10:12,Entrada,Permitido
User_032,221E,2026-04-14,16:12:12,Entrada,Permitido
User_005,1A4E,2026-05-10,15:33:12,Salida,Permitido
User_004,182F,2026-03-29,13:00:12,Salida,Permitido
User_023,0DE6,2026-04-26,11:45:12,Salida,Permitido
User_023,0DE6,2026-03-23,15:26:12,Entrada,Permitido
User_023,0DE6,2026-02-27,08:11:12,Entrada,Permitido
User_016,17A3,2026-03-18,14:42:12,Salida,Permitido
User_022,25C2,2026-04-28,13:27:12,Entrada,Permitido
User_026,0EA3,2026-04-26,15:21:12,Entrada,Permitido
User_001,204E,2026-04-03,11:54:12,Salida,Permitido
User_025,0BE7,2026-04-23,12:47:12,Salida,Permitido
User_014,0D69,2026-02-26,16:05:12,Salida,Permitido
User_022,25C2,2026-04-19,17:11:12,Salida,Permitido
User_048,240A,2026-02-28,09:34:12,Salida,Permitido
User_041,2141,2026-04-19,11:20:12,Salida,Permitido
User_005,1A4E,2026-04-03,15:33:12,Entrada,Permitido
User_009,19B2,2026-03-04,16:53:12,Entrada,Permitido
User_049,1038,2026-02-15,13:09:12,Entrada,Permitido
User_047,06EF,2026-05-10,16:15:12,Entrada,Permitido
User_035,11CC,2026-04-25,08:45:12,Entrada,Permitido
User_016,17A3,2026-04-10,10:58:12,Entrada,Permitido
User_031,0B53,2026-03-01,02:46:12,Salida,Permitido
User_028,0E96,2026-02-28,11:06:12,Salida,Permitido
User_008,1532,2026-04-02,10:54:12,Entrada,Permitido
User_043,1F69,2026-05-04,10:23:12,Entrada,Permitido
User_010,246A,2026-03-13,09:11:12,Entrada,Permitido
User_018,0888,2026-04-13,10:19:12,Salida,Permitido
User_024,2291,2026-05-01,08:22:12,Salida,Permitido
User_033,08DB,2026-02-28,12:37:12,Entrada,Permitido
User_025,0BE7,2026-03-16,09:50:12,Entrada,Permitido
User_016,17A3,2026-03-19,14:59:12,Entrada,Permitido
User_047,06EF,2026-02-22,14:32:12,Salida,Permitido
User_034,09E0,2026-02-17,09:37:12,Salida,Permitido
User_015,18A7,2026-05-07,09:10:12,Entrada,Permitido
User_021,1CE4,2026-04-22,14:43:12,Entrada,Permitido
User_005,1A4E,2026-04-13,18:15:12,Entrada,Permitido
User_050,0A19,2026-04-07,13:05:12,Salida,Permitido
User_037,266E,2026-02-13,11:46:12,Salida,Permitido
User_030,161A,2026-02-28,10:37:12,Entrada,Permitido
User_007,05BA,2026-04-08,09:19:12,Salida,Permitido
User_031,0B53,2026-04-10,08:59:12,Salida,Permitido
User_014,0D69,2026-04-26,18:18:12,Entrada,Permitido
User_036,131A,2026-03-30,14:45:12,Entrada,Denegado
User_016,17A3,2026-03-01,08:50:12,Salida,Permitido
User_012,06E9,2026-04-12,16:01:12,Salida,Permitido
User_037,266E,2026-02-22,14:09:12,Salida,Permitido
User_002,0744,2026-04-01,14:20:12,Entrada,Permitido
User_005,1A4E,2026-04-27,15:12:12,Entrada,Permitido
User_019,15B3,2026-05-01,14:53:12,Salida,Permitido
User_018,0888,2026-04-18,03:09:12,Salida,Permitido
User_025,0BE7,2026-04-09,12:50:12,Entrada,Permitido
User_009,19B2,2026-03-19,17:41:12,Entrada,Permitido
User_024,2291,2026-03-03,12:17:12,Entrada,Permitido
User_042,0E1C,2026-04-01,17:15:12,Salida,Permitido
User_050,0A19,2026-05-06,15:55:12,Entrada,Permitido
User_026,0EA3,2026-03-15,15:42:12,Entrada,Permitido
User_008,1532,2026-04-22,12:27:12,Entrada,Permitido
User_017,1CFC,2026-02-22,09:17:12,Entrada,Permitido
User_029,0FA5,2026-04-21,11:27:12,Entrada,Permitido
User_034,09E0,2026-03-20,17:52:12,Salida,Permitido
User_022,25C2,2026-04-02,12:41:12,Salida,Permitido
User_050,0A19,2026-03-12,08:45:12,Entrada,Permitido
User_035,11CC,2026-03-21,15:56:12,Salida,Permitido
User_049,1038,2026-03-13,02:39:12,Salida,Permitido
User_013,1F0D,2026-03-07,15:56:12,Entrada,Denegado
User_036,131A,2026-02-19,12:59:12,Salida,Permitido
User_029,0FA5,2026-03-06,11:05:12,Salida,Permitido
User_026,0EA3,2026-02-24,17:50:12,Salida,Permitido
User_037,266E,2026-04-04,04:55:12,Entrada,Permitido
User_026,0EA3,2026-04-03,15:11:12,Entrada,Permitido
User_041,2141,2026-02-13,11:11:12,Entrada,Permitido
User_036,131A,2026-03-22,04:02:12,Salida,Permitido
User_016,17A3,2026-02-11,02:56:12,Entrada,Permitido
User_027,04A5,2026-05-05,12:58:12,Entrada,Permitido
User_045,1956,2026-03-07,15:44:12,Salida,Permitido
User_014,0D69,2026-04-16,06:27:12,Entrada,Permitido
User_049,1038,2026-04-06,09:35:12,Salida,Permitido
User_023,0DE6,2026-03-27,15:42:12,Salida,Permitido
User_014,0D69,2026-04-10,17:02:12,Entrada,Permitido
User_018,0888,2026-02-26,06:23:12,Entrada,Permitido
User_029,0FA5,2026-05-11,19:50:12,Salida,Permitido
User_013,1F0D,2026-02-19,13:35:12,Salida,Permitido
User_044,1C43,2026-04-22,14:04:12,Salida,Permitido
User_034,09E0,2026-04-19,13:35:12,Salida,Permitido
User_041,2141,2026-02-13,06:05:12,Salida,Permitido
User_006,1C61,2026-03-11,10:28:12,Salida,Permitido
User_017,1CFC,2026-05-06,12:18:12,Salida,Permitido
User_048,240A,2026-04-08,17:32:12,Salida,Permitido
User_005,1A4E,2026-04-28,04:32:12,Salida,Permitido
User_042,0E1C,2026-02-18,07:20:12,Entrada,Permitido
User_021,1CE4,2026-03-07,19:08:12,Entrada,Permitido
User_014,0D69,2026-04-19,15:04:12,Entrada,Permitido
User_024,2291,2026-03-02,17:54:12,Salida,Permitido
User_016,17A3,2026-04-03,15:26:12,Entrada,Permitido
User_044,1C43,2026-02-25,13:00:12,Entrada,Permitido
User_044,1C43,2026-05-01,14:26:12,Entrada,Permitido
User_023,0DE6,2026-04-04,15:08:12,Salida,Permitido
User_007,05BA,2026-03-24,12:15:12,Salida,Permitido
User_041,2141,2026-05-01,07:13:12,Entrada,Denegado
User_006,1C61,2026-03-25,13:04:12,Entrada,Permitido
User_020,1121,2026-03-10,16:20:12,Entrada,Permitido
User_017,1CFC,2026-04-14,10:06:12,Salida,Permitido
User_005,1A4E,2026-02-25,16:14:12,Salida,Permitido
User_045,1956,2026-04-10,14:56:12,Entrada,Permitido
User_009,19B2,2026-02-27,21:37:12,Entrada,Permitido
User_030,161A,2026-02-20,14:19:12,Entrada,Permitido
User_015,18A7,2026-04-07,16:58:12,Entrada,Permitido
User_002,0744,2026-04-09,14:30:12,Entrada,Denegado
User_012,06E9,2026-03-08,14:02:12,Salida,Permitido
User_032,221E,2026-05-10,08:11:12,Entrada,Permitido
User_047,06EF,2026-03-04,13:56:12,Entrada,Permitido
User_003,18F6,2026-05-04,16:21:12,Entrada,Permitido
User_026,0EA3,2026-03-06,06:24:12,Salida,Permitido
User_037,266E,2026-03-30,10:18:12,Salida,Permitido
User_021,1CE4,2026-02-21,08:36:12,Entrada,Permitido
User_026,0EA3,2026-02-26,12:21:12,Salida,Permitido
User_006,1C61,2026-03-01,12:19:12,Salida,Permitido
User_029,0FA5,2026-02-25,10:34:12,Entrada,Permitido
User_028,0E96,2026-03-08,12:13:12,Entrada,Permitido
User_031,0B53,2026-04-25,08:30:12,Salida,Permitido
User_037,266E,2026-05-08,15:05:12,Salida,Permitido
User_022,25C2,2026-05-07,09:06:12,Entrada,Permitido
User_044,1C43,2026-03-24,09:10:12,Entrada,Permitido
User_026,0EA3,2026-04-18,16:18:12,Salida,Permitido
User_035,11CC,2026-05-02,08:33:12,Salida,Permitido
User_015,18A7,2026-05-07,09:41:12,Entrada,Permitido
User_044,1C43,2026-04-11,16:46:12,Salida,Permitido
User_033,08DB,2026-03-26,15:39:12,Salida,Permitido
User_017,1CFC,2026-05-09,09:44:12,Salida,Permitido
User_049,1038,2026-03-06,15:35:12,Salida,Permitido
User_027,04A5,2026-04-23,13:31:12,Entrada,Denegado
User_028,0E96,2026-02-12,19:08:12,Entrada,Permitido
User_047,06EF,2026-03-17,06:13:12,Salida,Permitido
User_036,131A,2026-04-18,05:16:12,Entrada,Permitido
User_002,0744,2026-03-26,10:25:12,Salida,Permitido
User_003,18F6,2026-03-18,09:49:12,Entrada,Permitido
User_048,240A,2026-03-21,16:37:12,Salida,Permitido
User_037,266E,2026-04-28,13:32:12,Entrada,Permitido
User_021,1CE4,2026-04-10,05:06:12,Salida,Permitido
User_005,1A4E,2026-04-24,18:57:12,Salida,Permitido
User_042,0E1C,2026-04-03,09:40:12,Salida,Permitido
User_042,0E1C,2026-03-17,11:42:12,Entrada,Permitido
User_005,1A4E,2026-02-26,11:59:12,Entrada,Permitido
User_018,0888,2026-02-11,20:09:12,Entrada,Permitido
User_040,24D9,2026-02-16,13:57:12,Salida,Permitido
User_014,0D69,2026-02-15,12:52:12,Entrada,Permitido
User_045,1956,2026-04-22,17:25:12,Salida,Permitido
User_020,1121,2026-03-18,11:18:12,Salida,Permitido
User_029,0FA5,2026-03-06,17:56:12,Entrada,Permitido
User_012,06E9,2026-04-07,07:38:12,Entrada,Permitido
User_045,1956,2026-04-15,23:41:12,Salida,Permitido
User_013,1F0D,2026-03-16,13:47:12,Entrada,Permitido
User_036,131A,2026-02-28,14:08:12,Salida,Permitido
User_049,1038,2026-05-07,07:24:12,Entrada,Permitido
User_044,1C43,2026-04-29,11:30:12,Salida,Permitido
User_030,161A,2026-04-22,12:10:12,Salida,Permitido
User_046,1FA3,2026-04-26,10:14:12,Entrada,Permitido
User_018,0888,2026-03-17,19:24:12,Entrada,Permitido
User_039,2640,2026-04-26,08:58:12,Entrada,Permitido
User_013,1F0D,2026-04-29,14:00:12,Salida,Permitido
User_033,08DB,2026-04-13,05:07:12,Salida,Permitido
User_015,18A7,2026-02-14,16:07:12,Entrada,Permitido
User_027,04A5,2026-04-07,11:20:12,Entrada,Permitido
User_033,08DB,2026-05-08,12:32:12,Salida,Permitido
User_013,1F0D,2026-02-14,16:10:12,Salida,Permitido
User_012,06E9,2026-03-23,18:49:12,Salida,Permitido
User_040,24D9,2026-04-07,11:51:12,Salida,Permitido
User_032,221E,2026-02-22,15:00:12,Salida,Permitido
User_025,0BE7,2026-04-10,17:49:12,Salida,Permitido
User_014,0D69,2026-02-16,14:36:12,Entrada,Denegado
User_012,06E9,2026-02-23,10:49:12,Salida,Permitido
User_040,24D9,2026-02-18,10:19:12,Entrada,Permitido
User_015,18A7,2026-04-11,11:34:12,Entrada,Permitido
User_022,25C2,2026-02-15,10:42:12,Salida,Permitido
User_033,08DB,2026-05-01,08:45:12,Salida,Permitido
User_004,182F,2026-03-24,11:33:12,Salida,Permitido
User_023,0DE6,2026-02-25,02:09:12,Salida,Permitido
User_049,1038,2026-05-06,17:20:12,Salida,Permitido
User_043,1F69,2026-05-08,13:12:12,Entrada,Permitido
User_033,08DB,2026-05-07,09:24:12,Salida,Permitido
User_043,1F69,2026-04-24,18:22:12,Salida,Permitido
User_031,0B53,2026-04-29,19:02:12,Salida,Permitido
User_017,1CFC,2026-03-17,09:15:12,Entrada,Permitido
User_012,06E9,2026-04-04,10:32:12,Salida,Permitido
User_032,221E,2026-03-19,16:17:12,Entrada,Permitido
User_020,1121,2026-04-24,15:10:12,Entrada,Permitido
User_014,0D69,2026-02-27,13:10:12,Salida,Permitido
User_035,11CC,2026-03-05,12:21:12,Entrada,Permitido
User_023,0DE6,2026-04-19,14:08:12,Entrada,Permitido
User_007,05BA,2026-04-22,06:01:12,Entrada,Permitido
User_019,15B3,2026-02-19,14:01:12,Entrada,Permitido
User_013,1F0D,2026-02-22,11:21:12,Salida,Permitido
User_021,1CE4,2026-03-04,05:20:12,Entrada,Permitido
User_030,161A,2026-03-08,06:45:12,Salida,Permitido
User_043,1F69,2026-04-05,15:28:12,Entrada,Permitido
User_023,0DE6,2026-04-13,05:57:12,Entrada,Permitido
User_024,2291,2026-04-15,16:51:12,Entrada,Permitido
User_013,1F0D,2026-03-29,17:10:12,Entrada,Permitido
User_027,04A5,2026-03-11,15:35:12,Salida,Permitido
User_023,0DE6,2026-04-30,02:44:12,Entrada,Permitido
User_032,221E,2026-03-27,18:09:12,Salida,Permitido
User_005,1A4E,2026-04-11,09:43:12,Entrada,Permitido
User_018,0888,2026-03-03,20:58:12,Entrada,Permitido
User_023,0DE6,2026-03-04,12:15:12,Salida,Permitido
User_031,0B53,2026-03-21,10:13:12,Salida,Permitido
User_006,1C61,2026-04-20,15:08:12,Salida,Permitido
User_029,0FA5,2026-02-22,04:12:12,Salida,Permitido
User_044,1C43,2026-03-01,22:10:12,Salida,Permitido
User_002,0744,2026-03-21,12:24:12,Salida,Permitido
User_026,0EA3,2026-04-06,16:31:12,Entrada,Permitido
User_023,0DE6,2026-03-28,16:44:12,Salida,Permitido
User_048,240A,2026-03-11,10:38:12,Salida,Permitido
User_042,0E1C,2026-04-20,08:52:12,Entrada,Permitido
User_039,2640,2026-03-24,20:55:12,Salida,Permitido
User_004,182F,2026-03-27,17:58:12,Salida,Permitido
User_037,266E,2026-03-16,07:20:12,Entrada,Permitido
User_014,0D69,2026-03-22,12:53:12,Salida,Permitido
User_001,204E,2026-04-04,06:47:12,Entrada,Permitido
User_028,0E96,2026-04-13,12:14:12,Entrada,Permitido
User_048,240A,2026-02-18,11:24:12,Entrada,Permitido
User_031,0B53,2026-03-08,18:07:12,Salida,Permitido
User_013,1F0D,2026-02-11,17:36:12,Salida,Permitido
User_010,246A,2026-03-10,08:07:12,Salida,Denegado
User_003,18F6,2026-03-28,12:44:12,Entrada,Permitido
User_036,131A,2026-02-24,14:00:12,Entrada,Permitido
User_022,25C2,2026-03-01,17:46:12,Salida,Permitido
User_041,2141,2026-03-15,12:43:12,Salida,Permitido
User_035,11CC,2026-05-04,10:17:12,Salida,Permitido
User_042,0E1C,2026-04-19,07:05:12,Entrada,Permitido
User_011,0A7D,2026-04-21,13:23:12,Entrada,Permitido
User_003,18F6,2026-02-13,09:14:12,Salida,Permitido
User_006,1C61,2026-03-02,15:22:12,Entrada,Permitido
User_044,1C43,2026-02-23,13:39:12,Entrada,Permitido
User_046,1FA3,2026-03-19,17:32:12,Entrada,Permitido
User_023,0DE6,2026-03-11,10:31:12,Entrada,Denegado
User_040,24D9,2026-05-08,17:40:12,Entrada,Permitido
User_015,18A7,2026-05-01,15:59:12,Entrada,Permitido
User_014,0D69,2026-04-01,15:37:12,Salida,Permitido
User_016,17A3,2026-04-06,13:28:12,Entrada,Permitido
User_029,0FA5,2026-03-20,13:48:12,Salida,Permitido
User_010,246A,2026-03-18,18:07:12,Entrada,Permitido
User_045,1956,2026-02-23,19:57:12,Entrada,Permitido
User_016,17A3,2026-04-30,17:17:12,Salida,Permitido
User_036,131A,2026-03-15,18:47:12,Salida,Permitido
User_027,04A5,2026-04-23,12:33:12,Entrada,Permitido
User_037,266E,2026-03-20,19:43:12,Salida,Permitido
User_024,2291,2026-04-04,18:19:12,Salida,Permitido
User_018,0888,2026-05-07,12:27:12,Salida,Permitido
User_027,04A5,2026-05-02,08:44:12,Entrada,Permitido
User_037,266E,2026-02-15,06:40:12,Salida,Denegado
User_002,0744,2026-04-21,20:40:12,Salida,Permitido
User_003,18F6,2026-05-11,11:59:12,Salida,Permitido
User_001,204E,2026-04-08,16:59:12,Salida,Permitido
User_001,204E,2026-05-11,14:39:12,Salida,Permitido
User_044,1C43,2026-03-04,14:38:12,Entrada,Permitido
User_021,1CE4,2026-03-06,16:35:12,Entrada,Permitido
User_047,06EF,2026-04-17,15:43:12,Entrada,Permitido
User_042,0E1C,2026-04-28,15:23:12,Entrada,Permitido
User_043,1F69,2026-04-02,16:47:12,Entrada,Permitido
User_009,19B2,2026-03-21,12:12:12,Salida,Permitido
User_007,05BA,2026-04-23,16:01:12,Entrada,Permitido
User_037,266E,2026-05-08,18:08:12,Salida,Permitido
User_027,04A5,2026-04-05,09:59:12,Entrada,Permitido
User_003,18F6,2026-03-10,01:28:12,Entrada,Permitido
User_030,161A,2026-03-03,13:23:12,Entrada,Permitido
User_049,1038,2026-03-31,10:53:12,Entrada,Permitido
User_013,1F0D,2026-02-13,10:17:12,Entrada,Permitido
User_007,05BA,2026-03-14,15:00:12,Salida,Permitido
User_021,1CE4,2026-03-10,10:16:12,Salida,Permitido
User_011,0A7D,2026-04-05,13:28:12,Entrada,Permitido
User_020,1121,2026-03-30,12:59:12,Entrada,Permitido
User_014,0D69,2026-03-30,12:34:12,Salida,Permitido
User_044,1C43,2026-03-14,10:03:12,Salida,Permitido
User_022,25C2,2026-03-04,17:27:12,Entrada,Permitido
User_010,246A,2026-03-07,10:44:12,Entrada,Permitido
User_021,1CE4,2026-03-18,16:12:12,Entrada,Permitido
User_049,1038,2026-02-19,16:16:12,Entrada,Permitido
User_022,25C2,2026-04-23,16:59:12,Salida,Permitido
User_038,18F9,2026-05-01,08:12:12,Entrada,Permitido
User_047,06EF,2026-04-18,19:35:12,Entrada,Permitido
User_048,240A,2026-03-17,22:31:12,Entrada,Permitido
User_006,1C61,2026-04-20,14:00:12,Entrada,Permitido
User_039,2640,2026-03-03,10:05:12,Salida,Permitido
User_037,266E,2026-03-20,13:26:12,Entrada,Permitido
User_038,18F9,2026-04-18,13:24:12,Entrada,Permitido
User_017,1CFC,2026-05-02,08:22:12,Entrada,Permitido
User_034,09E0,2026-05-02,10:24:12,Salida,Permitido
User_027,04A5,2026-04-04,09:37:12,Entrada,Permitido
User_028,0E96,2026-02-12,17:59:12,Entrada,Permitido
User_014,0D69,2026-02-19,11:50:12,Entrada,Permitido
User_036,131A,2026-04-22,11:29:12,Entrada,Permitido
User_022,25C2,2026-05-11,04:53:12,Salida,Permitido
User_001,204E,2026-04-18,07:13:12,Entrada,Permitido
User_020,1121,2026-02-15,09:01:12,Salida,Permitido
User_008,1532,2026-03-13,16:38:12,Entrada,Permitido
User_026,0EA3,2026-03-22,08:12:12,Salida,Permitido
User_011,0A7D,2026-04-06,06:29:12,Entrada,Permitido
User_035,11CC,2026-04-09,08:32:12,Entrada,Permitido
User_043,1F69,2026-05-06,12:11:12,Entrada,Permitido
User_022,25C2,2026-03-06,08:51:12,Salida,Permitido
User_006,1C61,2026-02-28,07:57:12,Salida,Permitido
User_010,246A,2026-02-23,10:23:12,Entrada,Permitido
User_034,09E0,2026-04-12,17:15:12,Entrada,Permitido
User_008,1532,2026-03-27,11:35:12,Entrada,Permitido
User_027,04A5,2026-04-16,14:49:12,Entrada,Permitido
User_021,1CE4,2026-03-29,17:02:12,Entrada,Permitido
User_003,18F6,2026-03-14,16:33:12,Entrada,Denegado
User_040,24D9,2026-03-01,06:48:12,Salida,Permitido
User_045,1956,2026-05-08,16:49:12,Entrada,Permitido
User_050,0A19,2026-03-17,10:35:12,Entrada,Permitido
User_002,0744,2026-03-26,08:06:12,Salida,Permitido
User_007,05BA,2026-04-04,13:48:12,Entrada,Permitido
User_046,1FA3,2026-03-30,13:37:12,Entrada,Permitido
User_039,2640,2026-04-18,06:13:12,Entrada,Permitido
User_036,131A,2026-02-13,15:40:12,Salida,Permitido
User_019,15B3,2026-04-28,10:10:12,Entrada,Permitido
User_002,0744,2026-03-29,23:31:12,Entrada,Permitido
User_017,1CFC,2026-02-14,15:08:12,Salida,Permitido
User_003,18F6,2026-05-11,03:58:12,Entrada,Permitido
User_049,1038,2026-03-17,08:25:12,Salida,Permitido
User_014,0D69,2026-05-06,13:15:12,Salida,Permitido
User_040,24D9,2026-03-15,12:18:12,Entrada,Permitido
User_011,0A7D,2026-03-09,08:57:12,Salida,Permitido
User_024,2291,2026-04-12,11:57:12,Entrada,Permitido
User_038,18F9,2026-04-09,12:32:12,Salida,Permitido
User_025,0BE7,2026-02-21,01:55:12,Salida,Permitido
User_050,0A19,2026-02-15,11:11:12,Salida,Permitido
User_006,1C61,2026-02-26,11:11:12,Entrada,Permitido
User_044,1C43,2026-04-15,15:29:12,Salida,Permitido
User_009,19B2,2026-02-13,16:19:12,Entrada,Permitido
User_031,0B53,2026-05-10,15:05:12,Salida,Permitido
User_041,2141,2026-04-22,16:23:12,Entrada,Permitido
User_035,11CC,2026-03-26,14:30:12,Entrada,Denegado
User_016,17A3,2026-02-19,14:08:12,Salida,Permitido
User_009,19B2,2026-02-22,18:22:12,Entrada,Permitido
User_006,1C61,2026-04-04,16:31:12,Entrada,Permitido
User_049,1038,2026-03-16,11:30:12,Entrada,Permitido
User_014,0D69,2026-05-02,08:48:12,Entrada,Permitido
User_045,1956,2026-04-01,12:38:12,Entrada,Permitido
User_009,19B2,2026-05-05,13:56:12,Salida,Permitido
User_009,19B2,2026-03-12,16:11:12,Salida,Permitido
User_036,131A,2026-04-16,14:25:12,Salida,Denegado
User_050,0A19,2026-04-29,10:46:12,Salida,Permitido
User_004,182F,2026-03-25,06:08:12,Entrada,Permitido
User_008,1532,2026-03-09,15:18:12,Salida,Permitido
User_004,182F,2026-04-30,11:43:12,Salida,Permitido
User_016,17A3,2026-03-01,05:12:12,Salida,Permitido
User_039,2640,2026-03-10,18:12:12,Salida,Permitido
User_036,131A,2026-02-23,11:33:12,Entrada,Denegado
User_015,18A7,2026-04-09,14:57:12,Entrada,Permitido
User_012,06E9,2026-04-11,18:06:12,Salida,Permitido
User_007,05BA,2026-04-24,11:33:12,Entrada,Permitido
User_046,1FA3,2026-03-29,05:06:12,Entrada,Permitido
User_033,08DB,2026-02-16,13:03:12,Salida,Permitido
User_037,266E,2026-02-24,12:24:12,Entrada,Permitido
User_018,0888,2026-04-08,12:30:12,Salida,Permitido
User_013,1F0D,2026-05-08,12:44:12,Salida,Permitido
User_040,24D9,2026-03-16,10:49:12,Entrada,Permitido
User_040,24D9,2026-04-02,16:03:12,Entrada,Permitido
User_048,240A,2026-04-12,14:23:12,Entrada,Permitido
User_028,0E96,2026-05-03,12:09:12,Salida,Permitido
User_041,2141,2026-04-28,14:47:12,Entrada,Permitido
User_012,06E9,2026-04-08,15:08:12,Entrada,Permitido
User_020,1121,2026-04-07,12:34:12,Salida,Permitido
User_019,15B3,2026-03-12,15:33:12,Salida,Permitido
User_015,18A7,2026-03-30,12:43:12,Entrada,Permitido
User_033,08DB,2026-04-08,09:39:12,Salida,Permitido
User_048,240A,2026-03-13,13:47:12,Salida,Permitido
User_018,0888,2026-03-05,12:37:12,Entrada,Permitido
User_039,2640,2026-03-27,15:25:12,Salida,Permitido
User_024,2291,2026-02-23,09:04:12,Entrada,Permitido
User_050,0A19,2026-02-12,10:08:12,Entrada,Permitido
User_047,06EF,2026-03-08,10:31:12,Entrada,Permitido
User_023,0DE6,2026-03-19,10:52:12,Entrada,Permitido
User_049,1038,2026-03-10,00:49:12,Entrada,Permitido
User_050,0A19,2026-04-17,09:57:12,Entrada,Permitido
User_043,1F69,2026-04-10,07:46:12,Entrada,Permitido
User_023,0DE6,2026-03-01,12:15:12,Salida,Permitido
User_039,2640,2026-02-27,13:43:12,Entrada,Permitido
User_046,1FA3,2026-03-17,17:41:12,Salida,Permitido
User_006,1C61,2026-02-27,12:51:12,Salida,Permitido
User_050,0A19,2026-03-19,15:59:12,Salida,Permitido
User_031,0B53,2026-04-24,12:15:12,Salida,Permitido
User_004,182F,2026-05-02,15:19:12,Entrada,Permitido
User_031,0B53,2026-02-21,19:04:12,Entrada,Permitido
User_026,0EA3,2026-02-18,04:50:12,Salida,Permitido
User_034,09E0,2026-02-26,19:08:12,Entrada,Denegado
User_002,0744,2026-03-08,17:39:12,Entrada,Permitido
User_020,1121,2026-03-12,13:28:12,Entrada,Permitido
User_026,0EA3,2026-04-23,17:54:12,Salida,Permitido
User_035,11CC,2026-03-21,12:16:12,Entrada,Permitido
User_036,131A,2026-03-16,19:09:12,Entrada,Permitido
User_034,09E0,2026-05-04,09:11:12,Entrada,Permitido
User_027,04A5,2026-04-30,09:56:12,Salida,Permitido
User_013,1F0D,2026-03-02,16:30:12,Salida,Permitido
User_006,1C61,2026-02-24,13:15:12,Salida,Permitido
User_036,131A,2026-03-16,10:44:12,Salida,Permitido
User_015,18A7,2026-03-06,12:26:12,Salida,Permitido
User_006,1C61,2026-04-29,10:28:12,Salida,Permitido
User_032,221E,2026-04-24,13:38:12,Salida,Permitido
User_010,246A,2026-04-14,09:28:12,Entrada,Permitido
User_008,1532,2026-02-23,16:34:12,Entrada,Permitido
User_022,25C2,2026-04-03,20:45:12,Entrada,Permitido
User_019,15B3,2026-05-08,14:26:12,Entrada,Permitido
User_039,2640,2026-02-28,14:32:12,Salida,Permitido
User_033,08DB,2026-05-01,13:50:12,Salida,Permitido
User_047,06EF,2026-02-23,14:07:12,Salida,Permitido
User_007,05BA,2026-05-03,13:07:12,Salida,Permitido
User_036,131A,2026-02-14,17:57:12,Salida,Permitido
User_026,0EA3,2026-04-28,15:05:12,Salida,Permitido
User_013,1F0D,2026-03-02,15:38:12,Salida,Permitido
User_021,1CE4,2026-02-28,15:50:12,Entrada,Permitido
User_024,2291,2026-04-23,07:05:12,Entrada,Permitido
User_035,11CC,2026-04-03,14:40:12,Salida,Permitido
User_048,240A,2026-03-04,05:19:12,Entrada,Permitido
User_009,19B2,2026-04-24,09:24:12,Entrada,Permitido
User_015,18A7,2026-04-01,11:49:12,Salida,Permitido
User_039,2640,2026-04-25,20:55:12,Entrada,Permitido
User_039,2640,2026-04-19,12:24:12,Salida,Permitido
User_036,131A,2026-02-18,13:03:12,Entrada,Permitido
User_021,1CE4,2026-03-09,11:02:12,Salida,Permitido
User_042,0E1C,2026-04-20,11:03:12,Entrada,Permitido
User_039,2640,2026-05-09,17:00:12,Entrada,Permitido
User_002,0744,2026-04-28,01:34:12,Salida,Permitido
User_020,1121,2026-03-15,08:53:12,Salida,Denegado
User_045,1956,2026-02-18,17:33:12,Salida,Permitido
User_049,1038,2026-04-01,11:03:12,Entrada,Permitido
User_047,06EF,2026-02-16,10:11:12,Salida,Permitido
User_018,0888,2026-04-16,13:54:12,Entrada,Permitido
User_031,0B53,2026-02-19,05:31:12,Salida,Permitido
User_041,2141,2026-04-17,09:04:12,Salida,Permitido
User_009,19B2,2026-02-12,17:06:12,Salida,Permitido
User_011,0A7D,2026-05-02,17:44:12,Salida,Permitido
User_020,1121,2026-04-14,17:48:12,Entrada,Permitido
User_030,161A,2026-03-24,15:52:12,Salida,Permitido
User_049,1038,2026-03-03,16:12:12,Salida,Permitido
User_015,18A7,2026-04-06,09:41:12,Salida,Permitido
User_031,0B53,2026-02-16,12:22:12,Entrada,Permitido
User_002,0744,2026-04-04,11:18:12,Salida,Permitido
User_003,18F6,2026-03-12,12:17:12,Entrada,Permitido
User_041,2141,2026-05-03,08:29:12,Entrada,Denegado
User_049,1038,2026-04-04,21:07:12,Salida,Permitido
User_008,1532,2026-03-15,14:00:12,Entrada,Permitido
User_038,18F9,2026-04-11,07:50:12,Entrada,Permitido
User_015,18A7,2026-03-03,16:24:12,Entrada,Permitido
User_047,06EF,2026-03-07,07:01:12,Salida,Permitido
User_023,0DE6,2026-03-12,19:52:12,Entrada,Permitido
User_049,1038,2026-02-26,10:35:12,Entrada,Permitido
User_031,0B53,2026-04-17,07:31:12,Entrada,Permitido
User_025,0BE7,2026-02-13,13:16:12,Salida,Permitido
User_038,18F9,2026-03-20,17:07:12,Entrada,Permitido
User_033,08DB,2026-03-15,14:25:12,Entrada,Permitido
User_014,0D69,2026-03-20,11:44:12,Salida,Permitido
User_044,1C43,2026-02-13,13:54:12,Entrada,Permitido
User_029,0FA5,2026-02-14,15:28:12,Salida,Permitido
User_022,25C2,2026-03-25,15:32:12,Entrada,Permitido
User_021,1CE4,2026-05-06,16:06:12,Salida,Permitido
User_018,0888,2026-03-03,05:19:12,Salida,Permitido
User_041,2141,2026-03-06,21:07:12,Entrada,Permitido
User_049,1038,2026-03-16,08:22:12,Entrada,Permitido
User_022,25C2,2026-03-25,08:58:12,Salida,Denegado
User_001,204E,2026-04-19,14:35:12,Entrada,Permitido
User_028,0E96,2026-03-08,14:17:12,Entrada,Permitido
User_036,131A,2026-04-25,08:41:12,Entrada,Permitido
User_029,0FA5,2026-04-10,11:56:12,Salida,Permitido
User_029,0FA5,2026-03-16,13:33:12,Entrada,Permitido
User_039,2640,2026-03-08,04:27:12,Salida,Permitido
User_006,1C61,2026-04-07,10:19:12,Entrada,Permitido
User_025,0BE7,2026-03-28,13:29:12,Salida,Permitido
User_039,2640,2026-05-10,12:21:12,Salida,Permitido
User_013,1F0D,2026-04-05,12:20:12,Entrada,Permitido
User_037,266E,2026-04-24,12:19:12,Salida,Permitido
User_047,06EF,2026-03-15,21:57:12,Salida,Permitido
User_026,0EA3,2026-05-02,09:05:12,Entrada,Permitido
User_019,15B3,2026-04-02,10:16:12,Entrada,Permitido
User_008,1532,2026-03-24,06:23:12,Salida,Permitido
User_042,0E1C,2026-04-02,14:26:12,Entrada,Permitido
User_022,25C2,2026-03-05,09:10:12,Salida,Permitido
User_041,2141,2026-03-05,16:04:12,Salida,Permitido
User_025,0BE7,2026-03-08,15:00:12,Entrada,Permitido
User_039,2640,2026-04-16,15:17:12,Salida,Permitido
User_040,24D9,2026-02-25,05:17:12,Salida,Permitido
User_021,1CE4,2026-04-15,13:23:12,Salida,Permitido
User_038,18F9,2026-05-06,14:11:12,Salida,Denegado
User_029,0FA5,2026-04-11,14:11:12,Entrada,Permitido
User_049,1038,2026-05-05,14:20:12,Salida,Permitido
User_021,1CE4,2026-03-05,08:06:12,Entrada,Permitido
User_023,0DE6,2026-03-21,12:47:12,Entrada,Permitido
User_034,09E0,2026-03-15,12:56:12,Salida,Permitido
User_015,18A7,2026-04-28,12:33:12,Salida,Permitido
User_014,0D69,2026-03-20,11:07:12,Salida,Denegado
User_046,1FA3,2026-03-30,10:17:12,Salida,Permitido
User_007,05BA,2026-02-18,23:56:12,Entrada,Permitido
User_038,18F9,2026-02-16,07:15:12,Salida,Permitido
User_009,19B2,2026-02-16,16:09:12,Entrada,Permitido
User_050,0A19,2026-02-19,09:12:12,Salida,Permitido
User_034,09E0,2026-03-25,16:58:12,Entrada,Permitido
User_047,06EF,2026-04-14,14:30:12,Entrada,Permitido
User_043,1F69,2026-04-03,08:03:12,Entrada,Permitido
User_004,182F,2026-04-29,11:50:12,Entrada,Permitido
User_020,1121,2026-02-25,06:33:12,Entrada,Permitido
User_018,0888,2026-04-07,09:57:12,Salida,Permitido
User_016,17A3,2026-04-20,17:08:12,Entrada,Permitido
User_041,2141,2026-03-18,14:58:12,Entrada,Permitido
User_001,204E,2026-04-23,13:33:12,Entrada,Permitido
User_019,15B3,2026-05-10,07:01:12,Salida,Permitido
User_039,2640,2026-04-25,13:48:12,Salida,Permitido
User_015,18A7,2026-03-06,17:37:12,Salida,Permitido
User_010,246A,2026-02-27,12:24:12,Entrada,Permitido
User_010,246A,2026-02-19,17:33:12,Entrada,Permitido
User_027,04A5,2026-05-09,10:54:12,Salida,Permitido
User_020,1121,2026-03-26,10:50:12,Salida,Permitido
User_041,2141,2026-04-10,10:00:12,Entrada,Permitido
User_008,1532,2026-03-27,11:29:12,Entrada,Denegado
User_042,0E1C,2026-02-12,13:23:12,Entrada,Permitido
User_046,1FA3,2026-05-10,13:15:12,Entrada,Permitido
User_001,204E,2026-02-27,20:45:12,Salida,Permitido
User_050,0A19,2026-03-29,17:50:12,Entrada,Permitido
User_050,0A19,2026-05-10,09:58:12,Entrada,Permitido
User_001,204E,2026-04-12,10:31:12,Salida,Permitido
User_034,09E0,2026-04-12,09:44:12,Salida,Permitido
User_005,1A4E,2026-03-05,04:54:12,Salida,Permitido
User_013,1F0D,2026-03-06,06:48:12,Entrada,Permitido
User_033,08DB,2026-02-18,13:07:12,Entrada,Permitido
User_044,1C43,2026-04-11,13:08:12,Entrada,Permitido
User_010,246A,2026-04-25,18:03:12,Salida,Permitido
User_030,161A,2026-03-08,16:04:12,Entrada,Permitido
User_021,1CE4,2026-04-04,10:52:12,Salida,Permitido
User_019,15B3,2026-04-22,09:17:12,Entrada,Permitido
User_048,240A,2026-02-15,14:48:12,Entrada,Permitido
User_048,240A,2026-02-16,17:31:12,Salida,Permitido
User_031,0B53,2026-03-16,15:40:12,Salida,Permitido
User_025,0BE7,2026-05-07,17:16:12,Salida,Permitido
User_042,0E1C,2026-04-16,11:09:12,Entrada,Permitido
User_046,1FA3,2026-02-15,11:17:12,Entrada,Permitido
User_047,06EF,2026-03-21,11:06:12,Entrada,Permitido
User_044,1C43,2026-05-01,14:16:12,Entrada,Permitido
User_035,11CC,2026-03-04,18:48:12,Salida,Permitido
User_035,11CC,2026-04-23,16:15:12,Entrada,Denegado
User_009,19B2,2026-05-01,17:37:12,Entrada,Permitido
User_045,1956,2026-03-23,13:27:12,Salida,Permitido
User_014,0D69,2026-02-16,15:32:12,Salida,Permitido
User_040,24D9,2026-02-11,13:16:12,Entrada,Permitido
User_007,05BA,2026-02-17,19:01:12,Salida,Denegado
User_031,0B53,2026-04-01,17:22:12,Salida,Permitido
User_011,0A7D,2026-02-15,13:00:12,Salida,Permitido
User_019,15B3,2026-04-15,08:23:12,Entrada,Permitido
User_028,0E96,2026-05-03,04:02:12,Entrada,Permitido
User_016,17A3,2026-04-01,13:28:12,Salida,Permitido
User_005,1A4E,2026-05-06,10:14:12,Entrada,Permitido
User_006,1C61,2026-02-24,12:40:12,Salida,Permitido
User_020,1121,2026-05-09,15:46:12,Salida,Permitido
User_004,182F,2026-04-17,09:56:12,Entrada,Permitido
User_024,2291,2026-03-30,16:55:12,Entrada,Permitido
User_018,0888,2026-03-01,15:03:12,Salida,Permitido
User_005,1A4E,2026-03-23,21:55:12,Salida,Permitido
User_011,0A7D,2026-04-06,13:29:12,Salida,Permitido
User_010,246A,2026-04-22,13:11:12,Salida,Permitido
User_016,17A3,2026-02-12,06:55:12,Entrada,Permitido
User_050,0A19,2026-03-17,16:34:12,Entrada,Permitido
User_036,131A,2026-04-12,06:40:12,Entrada,Permitido
User_028,0E96,2026-03-18,20:43:12,Entrada,Permitido
User_009,19B2,2026-04-26,15:54:12,Salida,Permitido
User_028,0E96,2026-03-07,11:31:12,Entrada,Permitido
User_028,0E96,2026-02-11,19:57:12,Salida,Permitido
User_013,1F0D,2026-02-15,09:31:12,Salida,Permitido
User_030,161A,2026-03-14,14:06:12,Salida,Permitido
User_017,1CFC,2026-03-04,08:54:12,Entrada,Permitido
User_032,221E,2026-04-03,17:47:12,Salida,Permitido
User_012,06E9,2026-04-12,09:09:12,Entrada,Permitido
User_004,182F,2026-03-13,17:38:12,Salida,Permitido
User_041,2141,2026-02-17,18:43:12,Salida,Permitido
User_037,266E,2026-05-04,14:08:12,Entrada,Permitido
User_031,0B53,2026-04-26,16:26:12,Entrada,Permitido
User_003,18F6,2026-02-28,13:40:12,Salida,Permitido
User_039,2640,2026-02-20,04:32:12,Salida,Permitido
User_032,221E,2026-02-20,14:00:12,Entrada,Permitido
User_002,0744,2026-04-19,11:12:12,Entrada,Permitido
User_007,05BA,2026-03-01,07:30:12,Entrada,Permitido
User_022,25C2,2026-04-28,12:39:12,Entrada,Permitido
User_044,1C43,2026-05-05,12:07:12,Salida,Permitido
User_044,1C43,2026-03-19,15:12:12,Salida,Permitido
User_033,08DB,2026-02-28,14:16:12,Salida,Denegado
User_010,246A,2026-03-18,19:44:12,Salida,Permitido
User_024,2291,2026-02-27,11:49:12,Salida,Permitido
User_015,18A7,2026-03-07,14:04:12,Entrada,Permitido
User_027,04A5,2026-03-14,14:13:12,Entrada,Permitido
User_020,1121,2026-03-16,12:47:12,Entrada,Permitido
User_013,1F0D,2026-04-14,18:34:12,Entrada,Permitido
User_003,18F6,2026-03-01,07:39:12,Salida,Permitido
User_007,05BA,2026-04-27,12:14:12,Entrada,Denegado
User_046,1FA3,2026-02-18,11:16:12,Salida,Denegado
User_014,0D69,2026-02-26,15:08:12,Salida,Permitido
User_029,0FA5,2026-04-18,14:22:12,Entrada,Permitido
User_033,08DB,2026-03-30,08:47:12,Salida,Permitido
User_044,1C43,2026-02-23,15:35:12,Salida,Permitido
User_032,221E,2026-03-03,11:11:12,Entrada,Permitido
User_006,1C61,2026-04-24,08:12:12,Salida,Permitido
User_001,204E,2026-05-07,14:53:12,Salida,Permitido
User_020,1121,2026-03-03,15:13:12,Entrada,Permitido
User_032,221E,2026-02-20,11:39:12,Entrada,Permitido
User_037,266E,2026-04-06,14:43:12,Entrada,Permitido
User_022,25C2,2026-03-13,07:01:12,Entrada,Permitido
User_005,1A4E,2026-02-21,18:26:12,Entrada,Permitido
User_049,1038,2026-03-18,09:55:12,Entrada,Permitido
User_038,18F9,2026-05-07,08:25:12,Entrada,Permitido
User_048,240A,2026-04-30,13:21:12,Salida,Permitido
User_031,0B53,2026-02-21,14:05:12,Entrada,Permitido
User_014,0D69,2026-03-01,15:50:12,Salida,Permitido
User_008,1532,2026-05-04,08:58:12,Entrada,Permitido
User_009,19B2,2026-04-13,11:48:12,Salida,Permitido
User_047,06EF,2026-04-26,11:16:12,Entrada,Permitido
User_020,1121,2026-03-10,19:33:12,Salida,Permitido
User_006,1C61,2026-04-07,06:36:12,Entrada,Permitido
User_012,06E9,2026-03-02,11:00:12,Entrada,Permitido
User_040,24D9,2026-02-13,16:28:12,Entrada,Permitido
User_023,0DE6,2026-02-16,09:09:12,Salida,Permitido
User_029,0FA5,2026-03-05,16:58:12,Entrada,Permitido
User_001,204E,2026-03-11,08:58:12,Entrada,Permitido
User_022,25C2,2026-05-03,14:46:12,Entrada,Permitido
User_009,19B2,2026-03-10,18:24:12,Salida,Permitido
User_021,1CE4,2026-04-13,08:57:12,Salida,Permitido
User_047,06EF,2026-05-02,11:41:12,Salida,Permitido
User_008,1532,2026-04-20,15:41:12,Entrada,Permitido
User_044,1C43,2026-04-10,20:06:12,Entrada,Permitido
User_037,266E,2026-04-05,11:59:12,Entrada,Permitido
User_016,17A3,2026-03-26,08:38:12,Entrada,Permitido
User_015,18A7,2026-03-10,16:46:12,Salida,Permitido
User_050,0A19,2026-04-02,15:51:12,Entrada,Permitido
User_020,1121,2026-05-03,15:01:12,Entrada,Permitido
User_022,25C2,2026-04-04,15:54:12,Salida,Permitido
User_041,2141,2026-02-19,06:00:12,Entrada,Permitido
User_002,0744,2026-02-14,16:25:12,Entrada,Denegado
User_008,1532,2026-04-14,18:57:12,Entrada,Permitido
User_031,0B53,2026-02-26,16:03:12,Entrada,Permitido
User_017,1CFC,2026-04-17,16:00:12,Salida,Permitido
User_037,266E,2026-03-16,09:28:12,Salida,Permitido
User_035,11CC,2026-02-11,14:59:12,Salida,Permitido
User_017,1CFC,2026-03-10,06:10:12,Salida,Permitido
User_016,17A3,2026-02-20,15:51:12,Entrada,Permitido
User_011,0A7D,2026-05-05,08:23:12,Entrada,Permitido
User_037,266E,2026-04-16,12:53:12,Entrada,Permitido
User_027,04A5,2026-04-23,12:53:12,Entrada,Permitido
User_022,25C2,2026-02-13,12:26:12,Salida,Permitido
User_014,0D69,2026-03-30,10:19:12,Salida,Permitido
User_042,0E1C,2026-03-19,11:37:12,Entrada,Permitido
User_014,0D69,2026-03-28,14:29:12,Entrada,Permitido
User_017,1CFC,2026-02-20,15:29:12,Entrada,Permitido
User_001,204E,2026-05-09,16:42:12,Salida,Permitido
User_012,06E9,2026-04-25,06:42:12,Salida,Permitido
User_023,0DE6,2026-05-08,16:31:12,Entrada,Permitido
User_039,2640,2026-04-23,17:29:12,Salida,Permitido
User_015,18A7,2026-03-19,12:20:12,Entrada,Permitido
User_026,0EA3,2026-04-19,22:49:12,Entrada,Permitido
User_017,1CFC,2026-03-06,16:46:12,Salida,Permitido
User_015,18A7,2026-05-06,20:21:12,Entrada,Permitido
User_006,1C61,2026-02-12,13:15:12,Salida,Permitido
User_020,1121,2026-03-23,09:34:12,Entrada,Denegado
User_001,204E,2026-04-15,16:31:12,Salida,Permitido
User_022,25C2,2026-02-15,12:45:12,Salida,Permitido
User_024,2291,2026-03-06,11:07:12,Entrada,Permitido
User_029,0FA5,2026-04-25,19:43:12,Entrada,Permitido
User_040,24D9,2026-02-24,12:25:12,Entrada,Permitido
User_033,08DB,2026-03-21,09:39:12,Entrada,Permitido
User_028,0E96,2026-02-27,08:21:12,Entrada,Permitido
User_003,18F6,2026-03-23,16:26:12,Entrada,Permitido
User_045,1956,2026-05-02,10:11:12,Entrada,Permitido
User_015,18A7,2026-04-26,18:07:12,Entrada,Permitido
User_027,04A5,2026-02-20,16:09:12,Salida,Permitido
User_050,0A19,2026-03-03,13:59:12,Entrada,Permitido
User_030,161A,2026-04-02,06:32:12,Entrada,Permitido
User_015,18A7,2026-03-18,10:58:12,Entrada,Permitido
User_046,1FA3,2026-04-05,11:50:12,Salida,Permitido
User_002,0744,2026-03-20,10:06:12,Entrada,Permitido
User_003,18F6,2026-04-22,15:00:12,Entrada,Permitido
User_016,17A3,2026-03-13,10:45:12,Salida,Permitido
User_040,24D9,2026-03-25,14:00:12,Entrada,Permitido
User_006,1C61,2026-02-18,17:56:12,Entrada,Permitido
User_042,0E1C,2026-02-14,15:35:12,Salida,Permitido
User_036,131A,2026-04-22,21:21:12,Entrada,Permitido
User_050,0A19,2026-03-07,15:17:12,Salida,Permitido
User_039,2640,2026-02-19,13:56:12,Entrada,Permitido
User_009,19B2,2026-02-25,10:31:12,Entrada,Permitido
User_041,2141,2026-03-01,08:40:12,Salida,Permitido
User_004,182F,2026-03-25,09:32:12,Salida,Permitido
User_017,1CFC,2026-05-04,12:50:12,Entrada,Permitido
User_029,0FA5,2026-04-01,05:46:12,Entrada,Permitido
User_007,05BA,2026-03-21,15:42:12,Salida,Permitido
User_014,0D69,2026-04-14,13:51:12,Entrada,Permitido
User_008,1532,2026-02-25,18:00:12,Salida,Permitido
User_011,0A7D,2026-02-28,14:17:12,Salida,Permitido
User_040,24D9,2026-04-24,09:54:12,Entrada,Permitido
User_036,131A,2026-03-09,15:42:12,Entrada,Permitido
User_006,1C61,2026-03-14,13:53:12,Entrada,Denegado
User_035,11CC,2026-05-07,10:41:12,Entrada,Permitido
User_023,0DE6,2026-03-22,17:44:12,Entrada,Permitido
User_031,0B53,2026-04-09,12:47:12,Entrada,Permitido
User_008,1532,2026-05-01,20:06:12,Entrada,Permitido
User_012,06E9,2026-03-20,15:12:12,Salida,Permitido
User_043,1F69,2026-05-09,14:21:12,Entrada,Permitido
User_036,131A,2026-05-10,17:26:12,Salida,Permitido
User_050,0A19,2026-03-11,05:42:12,Entrada,Permitido
User_041,2141,2026-02-25,16:11:12,Salida,Permitido
User_045,1956,2026-03-08,04:49:12,Salida,Permitido
User_003,18F6,2026-02-24,09:12:12,Salida,Permitido
User_034,09E0,2026-02-24,12:05:12,Entrada,Permitido
User_034,09E0,2026-03-22,10:37:12,Entrada,Permitido
User_021,1CE4,2026-03-07,11:49:12,Entrada,Permitido
User_039,2640,2026-04-13,07:27:12,Entrada,Permitido
User_020,1121,2026-02-19,16:34:12,Entrada,Permitido
User_020,1121,2026-05-08,12:33:12,Salida,Permitido
User_030,161A,2026-02-23,09:11:12,Salida,Permitido
User_033,08DB,2026-03-16,10:08:12,Entrada,Permitido
User_002,0744,2026-03-19,19:15:12,Entrada,Permitido
User_028,0E96,2026-04-18,13:12:12,Entrada,Permitido
User_020,1121,2026-04-14,19:04:12,Salida,Permitido
User_019,15B3,2026-02-14,15:36:12,Salida,Permitido
User_027,04A5,2026-04-11,11:30:12,Salida,Permitido
User_001,204E,2026-03-22,13:56:12,Entrada,Permitido
User_033,08DB,2026-04-22,08:20:12,Entrada,Permitido
User_047,06EF,2026-02-16,13:34:12,Entrada,Permitido
User_008,1532,2026-03-07,15:27:12,Salida,Permitido
User_027,04A5,2026-02-25,13:27:12,Entrada,Permitido
User_048,240A,2026-05-04,15:19:12,Salida,Permitido
User_048,240A,2026-03-08,07:24:12,Salida,Permitido
User_028,0E96,2026-04-08,10:48:12,Salida,Permitido
User_048,240A,2026-04-15,12:00:12,Entrada,Denegado
User_007,05BA,2026-04-10,07:14:12,Entrada,Permitido
User_011,0A7D,2026-02-12,11:28:12,Entrada,Permitido
User_046,1FA3,2026-05-09,09:40:12,Salida,Permitido
User_019,15B3,2026-03-11,16:17:12,Salida,Permitido
User_044,1C43,2026-03-30,18:03:12,Entrada,Permitido
User_040,24D9,2026-05-06,14:59:12,Entrada,Permitido
User_048,240A,2026-05-08,19:06:12,Salida,Permitido
User_026,0EA3,2026-04-22,14:34:12,Entrada,Permitido
User_042,0E1C,2026-02-28,11:57:12,Salida,Permitido
User_007,05BA,2026-02-17,17:24:12,Entrada,Permitido
User_032,221E,2026-02-27,14:49:12,Entrada,Permitido
User_040,24D9,2026-05-05,15:56:12,Salida,Permitido
User_013,1F0D,2026-03-06,04:51:12,Salida,Permitido
User_025,0BE7,2026-04-12,15:43:12,Salida,Permitido
User_024,2291,2026-02-14,16:35:12,Entrada,Permitido
User_030,161A,2026-05-11,12:48:12,Entrada,Permitido
User_023,0DE6,2026-04-10,13:12:12,Salida,Permitido
User_034,09E0,2026-05-02,14:15:12,Entrada,Permitido
User_009,19B2,2026-05-08,10:44:12,Entrada,Permitido
User_042,0E1C,2026-03-16,06:46:12,Entrada,Permitido
User_017,1CFC,2026-03-03,18:11:12,Entrada,Permitido
User_043,1F69,2026-02-17,20:02:12,Salida,Permitido
User_047,06EF,2026-03-12,10:57:12,Salida,Permitido
User_037,266E,2026-03-30,10:10:12,Salida,Denegado
User_012,06E9,2026-05-08,14:45:12,Salida,Permitido
User_025,0BE7,2026-04-13,12:35:12,Entrada,Permitido
User_032,221E,2026-03-06,11:18:12,Entrada,Permitido
User_005,1A4E,2026-05-11,09:57:12,Salida,Permitido
User_027,04A5,2026-04-03,12:31:12,Salida,Permitido
User_013,1F0D,2026-02-24,19:29:12,Salida,Permitido
User_046,1FA3,2026-03-17,15:04:12,Salida,Permitido
User_005,1A4E,2026-02-20,13:13:12,Entrada,Permitido
User_027,04A5,2026-05-08,15:44:12,Entrada,Permitido
User_024,2291,2026-03-26,17:00:12,Salida,Permitido
User_025,0BE7,2026-02-14,10:02:12,Entrada,Permitido
User_006,1C61,2026-04-24,12:20:12,Salida,Permitido
User_031,0B53,2026-03-02,16:38:12,Entrada,Permitido
User_028,0E96,2026-05-08,09:18:12,Entrada,Permitido
User_011,0A7D,2026-02-25,10:45:12,Entrada,Denegado
User_040,24D9,2026-02-16,11:41:12,Entrada,Permitido
User_020,1121,2026-03-21,15:14:12,Entrada,Permitido
User_003,18F6,2026-03-22,12:45:12,Entrada,Permitido
User_013,1F0D,2026-03-25,15:12:12,Entrada,Permitido
User_018,0888,2026-03-30,15:34:12,Salida,Permitido
User_014,0D69,2026-03-20,08:51:12,Salida,Permitido
User_029,0FA5,2026-04-26,21:13:12,Salida,Permitido
User_003,18F6,2026-03-13,13:44:12,Entrada,Permitido
User_015,18A7,2026-03-19,13:55:12,Salida,Permitido
User_023,0DE6,2026-04-17,17:18:12,Salida,Permitido
User_032,221E,2026-03-25,19:43:12,Salida,Denegado
User_003,18F6,2026-04-25,12:04:12,Entrada,Permitido
User_003,18F6,2026-04-13,17:06:12,Entrada,Permitido
User_036,131A,2026-03-08,16:38:12,Salida,Denegado
User_005,1A4E,2026-03-17,21:02:12,Entrada,Permitido
User_003,18F6,2026-05-03,17:07:12,Salida,Permitido
User_018,0888,2026-03-27,09:02:12,Entrada,Permitido
User_024,2291,2026-04-13,12:01:12,Entrada,Permitido
User_042,0E1C,2026-05-02,11:01:12,Entrada,Permitido
User_028,0E96,2026-05-04,13:44:12,Salida,Permitido
User_046,1FA3,2026-03-27,10:04:12,Entrada,Permitido
User_019,15B3,2026-04-20,09:36:12,Entrada,Permitido
User_026,0EA3,2026-03-03,12:26:12,Salida,Permitido
User_001,204E,2026-05-06,09:53:12,Entrada,Permitido
User_047,06EF,2026-03-21,16:01:12,Entrada,Permitido
User_027,04A5,2026-02-20,14:25:12,Salida,Permitido
User_011,0A7D,2026-02-16,11:50:12,Entrada,Permitido
User_043,1F69,2026-05-04,15:04:12,Entrada,Permitido
User_022,25C2,2026-04-19,08:44:12,Entrada,Permitido
User_028,0E96,2026-02-20,10:56:12,Entrada,Permitido
User_005,1A4E,2026-02-20,19:32:12,Entrada,Permitido
User_049,1038,2026-04-23,11:28:12,Salida,Permitido
User_040,24D9,2026-03-03,10:39:12,Entrada,Permitido
User_018,0888,2026-05-07,16:01:12,Salida,Permitido
User_007,05BA,2026-02-13,15:47:12,Salida,Permitido
User_005,1A4E,2026-05-10,10:49:12,Entrada,Permitido
User_048,240A,2026-05-11,11:37:12,Salida,Permitido
User_008,1532,2026-02-14,07:32:12,Salida,Permitido
User_037,266E,2026-03-31,17:52:12,Entrada,Permitido
User_006,1C61,2026-03-31,14:33:12,Salida,Permitido
User_008,1532,2026-04-15,12:56:12,Salida,Permitido
User_033,08DB,2026-02-15,17:39:12,Salida,Permitido
User_023,0DE6,2026-02-19,06:03:12,Salida,Permitido
User_003,18F6,2026-04-02,18:02:12,Salida,Permitido
User_046,1FA3,2026-04-01,05:26:12,Entrada,Permitido
User_003,18F6,2026-02-27,15:59:12,Entrada,Permitido
User_017,1CFC,2026-05-10,15:36:12,Entrada,Permitido
User_025,0BE7,2026-02-21,08:11:12,Salida,Permitido
User_017,1CFC,2026-04-17,12:51:12,Salida,Permitido
User_001,204E,2026-03-03,12:56:12,Entrada,Permitido
User_022,25C2,2026-04-05,18:55:12,Salida,Permitido
User_015,18A7,2026-04-25,22:46:12,Entrada,Permitido
User_012,06E9,2026-04-16,12:13:12,Salida,Permitido
User_026,0EA3,2026-05-11,11:20:12,Salida,Permitido
User_043,1F69,2026-02-16,18:35:12,Salida,Permitido
User_048,240A,2026-04-02,10:13:12,Salida,Permitido
User_028,0E96,2026-03-21,14:17:12,Entrada,Permitido
User_035,11CC,2026-04-25,08:09:12,Salida,Permitido
User_042,0E1C,2026-04-18,01:23:12,Entrada,Permitido
User_048,240A,2026-03-12,12:26:12,Entrada,Permitido
User_044,1C43,2026-03-09,15:15:12,Salida,Permitido
User_022,25C2,2026-02-17,13:33:12,Salida,Permitido
User_016,17A3,2026-04-30,12:21:12,Entrada,Denegado
User_025,0BE7,2026-02-18,12:42:12,Salida,Permitido
User_023,0DE6,2026-04-23,15:34:12,Salida,Permitido
User_023,0DE6,2026-04-03,15:58:12,Salida,Denegado
User_007,05BA,2026-02-11,13:50:12,Entrada,Denegado
User_024,2291,2026-04-20,07:34:12,Entrada,Permitido
User_050,0A19,2026-03-15,14:52:12,Entrada,Permitido
User_011,0A7D,2026-03-01,12:05:12,Entrada,Denegado
User_031,0B53,2026-04-03,11:21:12,Entrada,Permitido
User_030,161A,2026-04-26,03:52:12,Entrada,Permitido
User_009,19B2,2026-04-23,08:44:12,Entrada,Permitido
User_040,24D9,2026-03-03,12:16:12,Entrada,Permitido
User_049,1038,2026-03-30,14:03:12,Salida,Permitido
User_016,17A3,2026-03-21,14:45:12,Salida,Permitido
User_006,1C61,2026-04-17,07:12:12,Salida,Permitido
User_048,240A,2026-04-23,12:12:12,Salida,Permitido
User_025,0BE7,2026-04-25,13:23:12,Salida,Permitido
User_014,0D69,2026-03-16,13:59:12,Salida,Permitido
User_001,204E,2026-04-10,11:23:12,Entrada,Permitido
User_043,1F69,2026-03-16,14:59:12,Salida,Permitido
User_029,0FA5,2026-02-15,13:10:12,Salida,Permitido
User_033,08DB,2026-05-08,09:09:12,Salida,Permitido
User_007,05BA,2026-03-03,13:58:12,Entrada,Permitido
User_044,1C43,2026-04-13,16:17:12,Entrada,Permitido
User_004,182F,2026-03-05,14:52:12,Entrada,Permitido
User_012,06E9,2026-04-07,09:01:12,Entrada,Permitido
User_038,18F9,2026-03-04,19:10:12,Entrada,Permitido
User_015,18A7,2026-04-13,15:01:12,Salida,Denegado
User_027,04A5,2026-02-15,15:46:12,Entrada,Permitido
User_001,204E,2026-05-04,17:18:12,Salida,Permitido
User_025,0BE7,2026-04-10,14:52:12,Salida,Permitido
User_041,2141,2026-02-25,12:05:12,Entrada,Permitido
User_050,0A19,2026-03-04,12:31:12,Salida,Permitido
User_002,0744,2026-03-08,13:08:12,Salida,Permitido
User_020,1121,2026-04-13,10:06:12,Salida,Permitido
User_025,0BE7,2026-04-04,11:25:12,Salida,Permitido
User_043,1F69,2026-04-13,09:06:12,Entrada,Permitido
User_038,18F9,2026-03-27,19:02:12,Entrada,Permitido
User_037,266E,2026-04-04,14:44:12,Entrada,Permitido
User_019,15B3,2026-02-15,16:47:12,Entrada,Permitido
User_031,0B53,2026-03-03,08:15:12,Salida,Permitido
User_027,04A5,2026-05-01,14:41:12,Entrada,Permitido
User_040,24D9,2026-03-27,12:06:12,Salida,Permitido
User_032,221E,2026-02-16,12:41:12,Entrada,Permitido
User_005,1A4E,2026-03-07,12:06:12,Entrada,Permitido
User_020,1121,2026-04-30,12:37:12,Entrada,Permitido
User_041,2141,2026-02-21,17:49:12,Entrada,Permitido
User_003,18F6,2026-04-18,09:39:12,Salida,Permitido
User_005,1A4E,2026-02-25,15:10:12,Salida,Permitido
User_019,15B3,2026-03-14,09:42:12,Entrada,Permitido
User_013,1F0D,2026-03-09,10:02:12,Salida,Permitido
User_028,0E96,2026-04-03,14:05:12,Entrada,Permitido
User_008,1532,2026-02-24,15:53:12,Entrada,Permitido
User_018,0888,2026-05-03,15:08:12,Entrada,Permitido
User_016,17A3,2026-04-11,11:14:12,Entrada,Permitido
User_042,0E1C,2026-02-19,21:51:12,Entrada,Permitido
User_020,1121,2026-02-24,10:14:12,Entrada,Permitido
User_025,0BE7,2026-02-20,15:00:12,Salida,Permitido
User_021,1CE4,2026-03-06,18:37:12,Salida,Permitido
User_036,131A,2026-03-18,17:05:12,Entrada,Permitido
User_005,1A4E,2026-04-24,12:53:12,Entrada,Permitido
User_036,131A,2026-03-25,11:55:12,Entrada,Permitido
User_025,0BE7,2026-05-09,19:53:12,Salida,Permitido
User_032,221E,2026-04-12,10:25:12,Entrada,Permitido
User_024,2291,2026-04-01,15:51:12,Salida,Permitido
User_033,08DB,2026-04-03,09:42:12,Salida,Permitido
User_025,0BE7,2026-02-20,10:14:12,Salida,Permitido
User_032,221E,2026-03-11,07:33:12,Entrada,Permitido
User_049,1038,2026-03-11,11:04:12,Salida,Permitido
User_037,266E,2026-02-14,11:13:12,Salida,Permitido
User_046,1FA3,2026-04-23,09:46:12,Salida,Permitido
User_045,1956,2026-02-16,16:58:12,Entrada,Permitido
User_022,25C2,2026-03-09,11:02:12,Entrada,Denegado
User_009,19B2,2026-03-16,20:47:12,Salida,Permitido
User_020,1121,2026-04-23,06:19:12,Entrada,Permitido
User_035,11CC,2026-03-25,13:01:12,Entrada,Permitido
User_028,0E96,2026-03-28,06:18:12,Salida,Permitido
User_042,0E1C,2026-05-02,10:10:12,Entrada,Permitido
User_015,18A7,2026-05-11,14:16:12,Salida,Permitido
User_031,0B53,2026-02-13,18:04:12,Salida,Permitido
User_010,246A,2026-04-17,10:34:12,Salida,Permitido
User_019,15B3,2026-04-17,08:11:12,Salida,Permitido
User_021,1CE4,2026-03-17,13:44:12,Entrada,Permitido
User_042,0E1C,2026-04-23,11:51:12,Salida,Permitido
User_001,204E,2026-04-30,17:03:12,Salida,Permitido
User_034,09E0,2026-02-11,14:40:12,Salida,Permitido
User_005,1A4E,2026-04-04,06:30:12,Salida,Permitido
User_017,1CFC,2026-03-25,11:18:12,Salida,Permitido
User_022,25C2,2026-03-20,09:01:12,Entrada,Permitido
User_023,0DE6,2026-05-06,11:07:12,Salida,Permitido
User_020,1121,2026-03-05,14:26:12,Salida,Permitido
User_019,15B3,2026-04-01,07:11:12,Entrada,Denegado
User_006,1C61,2026-04-20,08:05:12,Salida,Permitido
User_007,05BA,2026-02-13,13:09:12,Salida,Permitido
User_045,1956,2026-04-29,10:49:12,Entrada,Permitido
User_040,24D9,2026-03-27,16:01:12,Entrada,Permitido
User_037,266E,2026-04-18,13:26:12,Entrada,Permitido
User_010,246A,2026-03-05,12:59:12,Entrada,Permitido
User_041,2141,2026-02-25,16:01:12,Salida,Permitido
User_023,0DE6,2026-03-26,10:56:12,Entrada,Permitido
User_044,1C43,2026-04-03,15:29:12,Salida,Permitido
User_010,246A,2026-03-31,13:26:12,Salida,Denegado
User_048,240A,2026-04-23,14:04:12,Entrada,Permitido
User_030,161A,2026-02-17,12:39:12,Entrada,Permitido
User_006,1C61,2026-02-25,10:28:12,Entrada,Permitido
User_026,0EA3,2026-03-22,11:35:12,Salida,Permitido
User_043,1F69,2026-03-03,20:57:12,Entrada,Permitido
User_033,08DB,2026-05-11,16:39:12,Salida,Permitido
User_001,204E,2026-05-05,16:01:12,Entrada,Permitido
User_046,1FA3,2026-05-10,20:26:12,Entrada,Permitido
User_010,246A,2026-02-19,13:30:12,Entrada,Permitido
User_050,0A19,2026-04-06,12:39:12,Salida,Permitido
User_050,0A19,2026-04-01,12:03:12,Entrada,Permitido
User_023,0DE6,2026-04-29,16:26:12,Entrada,Permitido
User_039,2640,2026-02-15,13:37:12,Salida,Permitido
User_025,0BE7,2026-04-27,13:20:12,Salida,Permitido
User_026,0EA3,2026-04-11,15:17:12,Entrada,Permitido
User_005,1A4E,2026-04-29,04:04:12,Salida,Permitido
User_046,1FA3,2026-03-01,15:57:12,Salida,Permitido
User_050,0A19,2026-04-15,05:39:12,Salida,Permitido
User_044,1C43,2026-03-24,17:08:12,Salida,Permitido
User_038,18F9,2026-03-26,13:26:12,Entrada,Permitido
User_034,09E0,2026-04-28,14:17:12,Salida,Permitido
User_044,1C43,2026-02-17,08:37:12,Entrada,Permitido
User_023,0DE6,2026-04-03,04:04:12,Entrada,Permitido
User_018,0888,2026-03-02,19:57:12,Entrada,Permitido
User_003,18F6,2026-03-28,07:12:12,Entrada,Permitido
User_048,240A,2026-05-06,15:56:12,Salida,Permitido
User_021,1CE4,2026-02-14,15:45:12,Entrada,Permitido
User_040,24D9,2026-03-07,09:26:12,Salida,Permitido
User_015,18A7,2026-04-03,09:46:12,Salida,Permitido
User_019,15B3,2026-03-06,13:53:12,Salida,Permitido
User_032,221E,2026-02-19,13:09:12,Entrada,Permitido
User_003,18F6,2026-04-26,15:36:12,Entrada,Permitido
User_015,18A7,2026-03-14,18:24:12,Entrada,Permitido
User_046,1FA3,2026-03-01,16:50:12,Entrada,Permitido
User_037,266E,2026-03-13,15:33:12,Entrada,Permitido
User_034,09E0,2026-05-08,20:12:12,Salida,Permitido
User_038,18F9,2026-02-19,13:59:12,Entrada,Permitido
User_033,08DB,2026-02-14,11:34:12,Entrada,Denegado
User_030,161A,2026-02-18,14:49:12,Salida,Permitido
User_026,0EA3,2026-04-12,11:51:12,Salida,Permitido
User_026,0EA3,2026-05-04,06:50:12,Entrada,Permitido
User_048,240A,2026-03-08,15:24:12,Entrada,Denegado
User_026,0EA3,2026-03-03,19:54:12,Entrada,Permitido
User_021,1CE4,2026-05-02,19:07:12,Salida,Permitido
User_050,0A19,2026-03-13,08:18:12,Entrada,Permitido
User_028,0E96,2026-02-25,16:25:12,Entrada,Permitido
User_003,18F6,2026-04-01,07:25:12,Salida,Permitido
User_035,11CC,2026-03-27,12:07:12,Salida,Permitido
User_048,240A,2026-03-06,13:01:12,Entrada,Permitido
User_015,18A7,2026-03-31,11:43:12,Salida,Permitido
User_038,18F9,2026-03-17,10:12:12,Salida,Permitido
User_009,19B2,2026-02-24,11:47:12,Salida,Permitido
User_007,05BA,2026-03-24,15:58:12,Entrada,Permitido
User_018,0888,2026-04-30,14:29:12,Entrada,Permitido
User_021,1CE4,2026-04-15,14:13:12,Entrada,Permitido
User_004,182F,2026-04-21,08:34:12,Entrada,Permitido
User_045,1956,2026-04-23,09:26:12,Entrada,Permitido
User_023,0DE6,2026-03-30,13:00:12,Salida,Permitido
User_044,1C43,2026-02-27,09:01:12,Entrada,Permitido
User_006,1C61,2026-04-03,10:26:12,Entrada,Permitido
User_040,24D9,2026-02-17,13:56:12,Entrada,Permitido
User_002,0744,2026-02-23,07:29:12,Entrada,Permitido
User_024,2291,2026-04-08,15:16:12,Salida,Permitido
User_005,1A4E,2026-03-26,09:25:12,Entrada,Permitido
User_049,1038,2026-03-22,13:40:12,Entrada,Permitido
User_028,0E96,2026-03-20,07:25:12,Salida,Permitido
User_009,19B2,2026-03-20,13:17:12,Entrada,Permitido
User_015,18A7,2026-05-02,09:14:12,Salida,Permitido
User_049,1038,2026-03-20,13:58:12,Salida,Permitido
User_030,161A,2026-04-06,05:25:12,Salida,Permitido
User_025,0BE7,2026-02-19,13:03:12,Entrada,Permitido
User_015,18A7,2026-02-27,10:27:12,Entrada,Denegado
User_010,246A,2026-02-20,15:53:12,Entrada,Permitido
User_006,1C61,2026-04-04,06:45:12,Entrada,Permitido
User_027,04A5,2026-03-24,20:28:12,Salida,Denegado
User_031,0B53,2026-03-31,09:20:12,Entrada,Permitido
User_017,1CFC,2026-04-17,17:05:12,Salida,Permitido
User_027,04A5,2026-02-17,18:03:12,Entrada,Denegado
User_043,1F69,2026-05-03,10:39:12,Entrada,Permitido
User_031,0B53,2026-02-19,09:19:12,Entrada,Permitido
User_034,09E0,2026-04-08,09:46:12,Entrada,Permitido
User_012,06E9,2026-03-28,09:41:12,Entrada,Permitido
User_032,221E,2026-04-24,12:14:12,Entrada,Permitido
User_036,131A,2026-02-23,08:40:12,Entrada,Permitido
User_026,0EA3,2026-05-05,14:25:12,Salida,Permitido
User_015,18A7,2026-04-16,06:33:12,Entrada,Permitido
User_003,18F6,2026-05-11,13:19:12,Salida,Permitido
User_016,17A3,2026-03-24,10:32:12,Salida,Permitido
User_038,18F9,2026-05-07,12:05:12,Salida,Permitido
User_002,0744,2026-03-25,14:47:12,Entrada,Permitido
User_021,1CE4,2026-05-06,14:07:12,Entrada,Permitido
User_045,1956,2026-02-28,22:59:12,Salida,Permitido
User_011,0A7D,2026-05-10,12:53:12,Entrada,Permitido
User_041,2141,2026-04-01,15:51:12,Salida,Permitido
User_007,05BA,2026-03-01,17:56:12,Salida,Permitido
User_048,240A,2026-03-23,13:53:12,Entrada,Permitido
User_009,19B2,2026-03-22,18:09:12,Salida,Permitido
User_034,09E0,2026-03-31,08:27:12,Entrada,Permitido
User_002,0744,2026-04-28,08:29:12,Salida,Permitido
User_027,04A5,2026-05-11,15:48:12,Entrada,Permitido
User_020,1121,2026-04-19,14:59:12,Salida,Permitido
User_045,1956,2026-04-09,16:47:12,Salida,Permitido
User_049,1038,2026-02-18,15:34:12,Salida,Permitido
User_037,266E,2026-03-31,10:45:12,Entrada,Permitido
User_038,18F9,2026-03-26,17:11:12,Entrada,Permitido
User_002,0744,2026-03-16,11:42:12,Entrada,Permitido
User_033,08DB,2026-02-22,08:50:12,Salida,Permitido
User_031,0B53,2026-02-26,00:39:12,Entrada,Permitido
User_044,1C43,2026-03-29,15:02:12,Salida,Permitido
User_046,1FA3,2026-03-18,13:16:12,Salida,Permitido
User_037,266E,2026-02-12,13:16:12,Salida,Permitido
User_047,06EF,2026-02-23,20:23:12,Salida,Permitido
User_027,04A5,2026-02-20,17:26:12,Salida,Permitido
User_040,24D9,2026-05-10,10:26:12,Entrada,Permitido
User_022,25C2,2026-03-27,17:41:12,Salida,Permitido
User_018,0888,2026-03-24,10:16:12,Salida,Permitido
User_032,221E,2026-02-18,11:25:12,Entrada,Permitido
User_044,1C43,2026-03-14,16:50:12,Salida,Permitido
User_032,221E,2026-04-28,18:06:12,Entrada,Permitido
User_033,08DB,2026-03-22,11:19:12,Salida,Permitido
User_035,11CC,2026-04-29,08:29:12,Entrada,Permitido
User_025,0BE7,2026-03-16,07:39:12,Entrada,Permitido
User_031,0B53,2026-03-07,12:04:12,Entrada,Permitido
User_006,1C61,2026-04-17,04:14:12,Salida,Permitido
User_019,15B3,2026-04-21,13:55:12,Entrada,Permitido
User_019,15B3,2026-04-15,12:30:12,Salida,Permitido
User_050,0A19,2026-04-14,16:15:12,Entrada,Permitido
User_018,0888,2026-03-03,14:26:12,Salida,Permitido
User_041,2141,2026-04-19,15:13:12,Salida,Permitido
User_039,2640,2026-03-26,21:49:12,Entrada,Permitido
User_045,1956,2026-05-05,06:30:12,Salida,Denegado
User_004,182F,2026-05-01,23:02:12,Salida,Permitido
User_045,1956,2026-04-24,10:47:12,Entrada,Permitido
User_012,06E9,2026-04-13,14:24:12,Entrada,Permitido
User_042,0E1C,2026-03-21,14:54:12,Salida,Permitido
User_050,0A19,2026-02-16,12:01:12,Entrada,Permitido
User_030,161A,2026-04-09,16:34:12,Salida,Permitido
User_002,0744,2026-04-07,20:48:12,Entrada,Permitido
User_015,18A7,2026-03-04,11:43:12,Salida,Permitido
User_028,0E96,2026-04-25,18:31:12,Salida,Permitido
User_026,0EA3,2026-04-26,09:49:12,Salida,Permitido
User_027,04A5,2026-04-02,09:22:12,Salida,Permitido
User_012,06E9,2026-03-22,15:59:12,Salida,Permitido
User_046,1FA3,2026-05-05,12:29:12,Salida,Permitido
User_020,1121,2026-03-16,14:46:12,Entrada,Permitido
User_029,0FA5,2026-03-20,10:12:12,Entrada,Permitido
User_017,1CFC,2026-05-04,19:13:12,Entrada,Permitido
User_045,1956,2026-04-10,09:01:12,Entrada,Permitido
User_012,06E9,2026-03-15,13:11:12,Entrada,Permitido
User_049,1038,2026-04-15,09:47:12,Salida,Permitido
User_008,1532,2026-04-13,10:59:12,Salida,Permitido
User_009,19B2,2026-02-13,13:05:12,Entrada,Permitido
User_024,2291,2026-04-19,14:21:12,Entrada,Permitido
User_011,0A7D,2026-03-11,15:56:12,Entrada,Permitido
User_043,1F69,2026-05-05,17:13:12,Entrada,Permitido
User_049,1038,2026-04-29,19:35:12,Entrada,Permitido
User_010,246A,2026-03-31,21:47:12,Salida,Permitido
User_048,240A,2026-03-05,18:38:12,Salida,Permitido
User_045,1956,2026-04-19,12:10:12,Entrada,Permitido
User_009,19B2,2026-02-18,21:04:12,Entrada,Permitido
User_003,18F6,2026-04-29,04:56:12,Entrada,Permitido
User_002,0744,2026-04-26,16:28:12,Salida,Permitido
User_018,0888,2026-02-23,11:07:12,Entrada,Permitido
User_008,1532,2026-03-08,15:26:12,Entrada,Permitido
User_047,06EF,2026-04-29,10:17:12,Salida,Permitido
User_037,266E,2026-04-30,13:26:12,Salida,Permitido
User_033,08DB,2026-02-21,01:13:12,Salida,Permitido
User_009,19B2,2026-03-29,12:51:12,Salida,Permitido
User_047,06EF,2026-03-12,12:49:12,Entrada,Permitido
User_018,0888,2026-05-03,12:43:12,Entrada,Permitido
User_048,240A,2026-03-27,10:25:12,Entrada,Permitido
User_046,1FA3,2026-04-02,15:46:12,Entrada,Permitido
User_004,182F,2026-04-26,11:13:12,Salida,Permitido
User_031,0B53,2026-03-19,14:24:12,Salida,Permitido
User_042,0E1C,2026-03-20,09:29:12,Salida,Permitido
User_038,18F9,2026-02-11,15:54:12,Entrada,Permitido
User_001,204E,2026-04-02,12:44:12,Entrada,Permitido
User_017,1CFC,2026-05-10,08:07:12,Entrada,Permitido
User_040,24D9,2026-03-22,16:01:12,Salida,Permitido
User_027,04A5,2026-04-01,03:24:12,Entrada,Permitido
User_017,1CFC,2026-03-16,09:57:12,Entrada,Permitido
User_023,0DE6,2026-05-10,08:48:12,Salida,Permitido
User_049,1038,2026-02-20,09:11:12,Salida,Permitido
User_002,0744,2026-03-16,14:46:12,Salida,Permitido
User_015,18A7,2026-02-22,11:25:12,Entrada,Permitido
User_038,18F9,2026-03-24,15:11:12,Salida,Permitido
User_016,17A3,2026-05-04,15:05:12,Salida,Permitido
User_045,1956,2026-02-28,08:58:12,Salida,Permitido
User_036,131A,2026-03-11,14:10:12,Entrada,Permitido
User_036,131A,2026-03-13,10:44:12,Entrada,Permitido
User_046,1FA3,2026-03-31,09:38:12,Salida,Permitido
User_003,18F6,2026-04-11,12:23:12,Entrada,Permitido
User_032,221E,2026-02-17,09:09:12,Entrada,Permitido
User_047,06EF,2026-04-22,12:48:12,Salida,Denegado
User_021,1CE4,2026-04-06,15:44:12,Entrada,Permitido
User_036,131A,2026-03-01,11:54:12,Salida,Permitido
User_010,246A,2026-02-23,12:10:12,Salida,Permitido
User_022,25C2,2026-02-25,13:24:12,Salida,Permitido
User_043,1F69,2026-04-04,09:46:12,Entrada,Permitido
User_028,0E96,2026-03-13,10:06:12,Salida,Permitido
User_048,240A,2026-02-27,18:00:12,Salida,Permitido
User_036,131A,2026-05-01,16:44:12,Entrada,Permitido
User_018,0888,2026-03-29,20:40:12,Entrada,Permitido
User_002,0744,2026-03-07,13:30:12,Salida,Permitido
User_027,04A5,2026-04-05,13:49:12,Salida,Permitido
User_021,1CE4,2026-04-04,09:59:12,Entrada,Permitido
User_034,09E0,2026-02-25,13:43:12,Salida,Permitido
User_044,1C43,2026-03-10,08:42:12,Salida,Permitido
User_016,17A3,2026-03-07,08:54:12,Salida,Permitido
User_018,0888,2026-04-28,15:10:12,Entrada,Permitido
User_001,204E,2026-02-23,18:24:12,Entrada,Permitido
User_007,05BA,2026-05-01,16:54:12,Salida,Permitido
User_033,08DB,2026-04-04,11:52:12,Salida,Permitido
User_025,0BE7,2026-03-24,14:07:12,Entrada,Permitido
User_025,0BE7,2026-05-11,08:10:12,Entrada,Permitido
User_018,0888,2026-03-08,13:53:12,Salida,Permitido
User_043,1F69,2026-04-29,12:35:12,Entrada,Permitido
User_031,0B53,2026-03-16,12:34:12,Entrada,Permitido
User_047,06EF,2026-02-18,14:02:12,Entrada,Permitido
User_003,18F6,2026-04-15,10:15:12,Salida,Permitido
User_010,246A,2026-02-18,13:10:12,Entrada,Permitido
User_040,24D9,2026-04-29,14:05:12,Salida,Permitido
User_012,06E9,2026-02-28,16:53:12,Entrada,Permitido
User_011,0A7D,2026-04-22,10:42:12,Salida,Permitido
User_046,1FA3,2026-04-20,14:49:12,Salida,Permitido
User_023,0DE6,2026-03-28,09:00:12,Entrada,Permitido
User_042,0E1C,2026-02-13,10:09:12,Entrada,Permitido
User_009,19B2,2026-04-11,12:16:12,Entrada,Permitido
User_037,266E,2026-03-07,20:05:12,Entrada,Permitido
User_015,18A7,2026-02-14,04:56:12,Entrada,Permitido
User_037,266E,2026-04-13,09:07:12,Salida,Permitido
User_022,25C2,2026-02-15,16:57:12,Entrada,Permitido
User_017,1CFC,2026-04-07,14:03:12,Entrada,Permitido
User_050,0A19,2026-05-09,15:22:12,Entrada,Permitido
User_032,221E,2026-03-22,15:26:12,Salida,Permitido
User_047,06EF,2026-04-03,12:03:12,Entrada,Permitido
User_018,0888,2026-05-05,21:35:12,Salida,Permitido
User_042,0E1C,2026-03-26,10:11:12,Salida,Permitido
User_045,1956,2026-02-27,13:50:12,Salida,Permitido
User_011,0A7D,2026-02-22,18:24:12,Salida,Permitido
User_028,0E96,2026-02-12,17:15:12,Entrada,Permitido
User_004,182F,2026-02-16,16:34:12,Salida,Permitido
User_043,1F69,2026-03-01,09:05:12,Salida,Permitido
User_045,1956,2026-04-25,14:22:12,Salida,Permitido
User_043,1F69,2026-03-13,18:58:12,Entrada,Denegado
User_039,2640,2026-05-11,07:36:12,Entrada,Permitido
User_004,182F,2026-03-04,12:25:12,Entrada,Permitido
User_045,1956,2026-05-07,11:27:12,Entrada,Permitido
User_024,2291,2026-02-16,14:48:12,Entrada,Permitido
User_016,17A3,2026-05-04,19:54:12,Entrada,Permitido
User_041,2141,2026-04-07,16:35:12,Entrada,Permitido
User_010,246A,2026-04-14,14:20:12,Salida,Permitido
User_042,0E1C,2026-04-14,14:28:12,Salida,Permitido
User_001,204E,2026-03-25,11:08:12,Salida,Permitido
User_005,1A4E,2026-04-07,17:55:12,Entrada,Permitido
User_025,0BE7,2026-04-04,16:07:12,Entrada,Denegado
User_004,182F,2026-03-25,12:21:12,Salida,Permitido
User_035,11CC,2026-05-09,13:50:12,Salida,Permitido
User_032,221E,2026-04-10,12:47:12,Salida,Permitido
User_035,11CC,2026-04-27,08:44:12,Salida,Permitido
User_045,1956,2026-03-27,10:23:12,Salida,Permitido
User_026,0EA3,2026-04-29,11:23:12,Entrada,Permitido
User_013,1F0D,2026-04-08,13:49:12,Entrada,Permitido
User_025,0BE7,2026-04-26,17:07:12,Salida,Denegado
User_049,1038,2026-04-07,00:08:12,Salida,Permitido
User_049,1038,2026-03-23,21:33:12,Entrada,Permitido
User_041,2141,2026-03-13,13:58:12,Salida,Permitido
User_036,131A,2026-02-20,13:10:12,Entrada,Permitido
User_007,05BA,2026-02-14,19:18:12,Entrada,Permitido
User_007,05BA,2026-02-20,11:36:12,Entrada,Permitido
User_025,0BE7,2026-04-27,13:13:12,Salida,Permitido
User_040,24D9,2026-05-08,12:59:12,Entrada,Permitido
User_048,240A,2026-05-08,14:24:12,Salida,Permitido
User_022,25C2,2026-02-23,11:23:12,Entrada,Permitido
User_014,0D69,2026-04-15,09:28:12,Salida,Permitido
User_001,204E,2026-03-23,16:56:12,Salida,Permitido
User_015,18A7,2026-05-02,10:12:12,Salida,Permitido
User_010,246A,2026-04-16,07:16:12,Salida,Permitido
User_027,04A5,2026-04-08,21:19:12,Salida,Permitido
User_033,08DB,2026-03-13,11:23:12,Salida,Permitido
User_018,0888,2026-05-08,10:47:12,Salida,Permitido
User_013,1F0D,2026-03-28,15:04:12,Salida,Permitido
User_030,161A,2026-02-27,06:05:12,Salida,Permitido
User_050,0A19,2026-05-06,08:55:12,Entrada,Permitido
User_015,18A7,2026-04-18,13:44:12,Entrada,Permitido
User_015,18A7,2026-04-29,15:59:12,Entrada,Permitido
User_019,15B3,2026-04-07,12:58:12,Salida,Permitido
User_018,0888,2026-04-22,08:58:12,Entrada,Permitido
User_040,24D9,2026-04-16,15:23:12,Salida,Permitido
User_009,19B2,2026-03-31,06:59:12,Entrada,Permitido
User_047,06EF,2026-03-14,17:04:12,Salida,Permitido
User_032,221E,2026-03-20,15:41:12,Entrada,Permitido
User_011,0A7D,2026-04-10,13:18:12,Entrada,Permitido
User_048,240A,2026-02-17,15:22:12,Salida,Permitido
User_003,18F6,2026-05-07,15:59:12,Entrada,Permitido
User_025,0BE7,2026-03-17,15:55:12,Salida,Permitido
User_048,240A,2026-03-21,10:17:12,Entrada,Permitido
User_043,1F69,2026-05-03,12:51:12,Salida,Permitido
User_016,17A3,2026-04-14,19:03:12,Salida,Permitido
User_048,240A,2026-03-27,14:37:12,Salida,Permitido
User_007,05BA,2026-04-24,11:53:12,Entrada,Permitido
User_044,1C43,2026-04-12,11:02:12,Entrada,Permitido
User_040,24D9,2026-04-17,18:42:12,Entrada,Permitido
User_004,182F,2026-04-02,09:24:12,Entrada,Permitido
User_042,0E1C,2026-04-05,16:51:12,Salida,Permitido
User_015,18A7,2026-03-14,13:00:12,Entrada,Permitido
User_023,0DE6,2026-03-29,07:13:12,Salida,Permitido
User_018,0888,2026-04-14,07:33:12,Entrada,Permitido
User_030,161A,2026-05-03,15:54:12,Entrada,Permitido
User_019,15B3,2026-03-17,11:35:12,Entrada,Permitido
User_003,18F6,2026-03-16,12:32:12,Entrada,Permitido
User_050,0A19,2026-04-03,08:34:12,Entrada,Permitido
User_037,266E,2026-04-08,11:51:12,Entrada,Permitido
User_038,18F9,2026-03-01,15:38:12,Salida,Permitido
User_026,0EA3,2026-03-01,05:27:12,Salida,Permitido
User_021,1CE4,2026-03-13,10:12:12,Entrada,Permitido
User_008,1532,2026-04-16,11:30:12,Salida,Permitido
User_049,1038,2026-02-21,16:49:12,Entrada,Permitido
User_002,0744,2026-04-19,12:14:12,Salida,Permitido
User_021,1CE4,2026-03-04,08:05:12,Salida,Permitido
User_022,25C2,2026-04-04,15:14:12,Entrada,Permitido
User_011,0A7D,2026-05-06,03:03:12,Entrada,Permitido
User_014,0D69,2026-04-14,15:12:12,Salida,Permitido
User_037,266E,2026-03-12,18:52:12,Salida,Permitido
User_007,05BA,2026-02-24,17:45:12,Entrada,Permitido
User_046,1FA3,2026-04-10,12:17:12,Entrada,Permitido
User_032,221E,2026-02-11,13:23:12,Entrada,Permitido
User_048,240A,2026-05-08,13:17:12,Entrada,Permitido
User_042,0E1C,2026-04-09,12:45:12,Entrada,Permitido
User_041,2141,2026-05-10,18:17:12,Entrada,Permitido
User_048,240A,2026-04-19,08:33:12,Entrada,Permitido
User_033,08DB,2026-02-23,18:38:12,Entrada,Permitido
User_014,0D69,2026-02-21,17:17:12,Entrada,Permitido
User_045,1956,2026-04-25,13:06:12,Salida,Permitido
User_008,1532,2026-05-05,11:27:12,Entrada,Permitido
User_031,0B53,2026-04-15,10:59:12,Entrada,Denegado
User_007,05BA,2026-04-26,18:03:12,Entrada,Permitido
User_012,06E9,2026-02-23,17:19:12,Salida,Permitido
User_035,11CC,2026-04-11,10:02:12,Entrada,Permitido
User_041,2141,2026-04-10,14:51:12,Salida,Permitido
User_038,18F9,2026-04-30,16:05:12,Entrada,Permitido
User_023,0DE6,2026-02-24,09:28:12,Entrada,Permitido
User_034,09E0,2026-04-02,18:19:12,Salida,Permitido
User_013,1F0D,2026-05-01,15:41:12,Entrada,Permitido
User_047,06EF,2026-04-24,18:51:12,Salida,Permitido
User_043,1F69,2026-05-05,09:55:12,Entrada,Permitido
User_009,19B2,2026-04-16,02:59:12,Entrada,Permitido
User_006,1C61,2026-05-04,11:42:12,Entrada,Permitido
User_004,182F,2026-04-16,14:03:12,Entrada,Permitido
User_026,0EA3,2026-04-26,11:09:12,Salida,Permitido
User_010,246A,2026-02-24,12:33:12,Salida,Denegado
User_002,0744,2026-03-21,15:02:12,Entrada,Permitido
User_012,06E9,2026-04-18,14:25:12,Entrada,Permitido
User_050,0A19,2026-03-28,17:43:12,Entrada,Permitido
User_014,0D69,2026-04-24,16:12:12,Entrada,Permitido
User_011,0A7D,2026-03-08,13:55:12,Entrada,Permitido
User_045,1956,2026-02-21,22:35:12,Entrada,Permitido
User_032,221E,2026-04-26,15:45:12,Salida,Permitido
User_029,0FA5,2026-03-30,08:36:12,Salida,Permitido
User_046,1FA3,2026-03-07,07:53:12,Entrada,Permitido
User_050,0A19,2026-03-16,14:57:12,Salida,Permitido
User_018,0888,2026-05-03,21:00:12,Entrada,Permitido
User_010,246A,2026-02-14,13:04:12,Salida,Denegado
User_040,24D9,2026-04-02,09:20:12,Entrada,Permitido
User_044,1C43,2026-04-10,18:27:12,Salida,Permitido
User_013,1F0D,2026-03-29,11:28:12,Salida,Permitido
User_022,25C2,2026-05-04,10:59:12,Salida,Permitido
User_039,2640,2026-02-24,04:20:12,Entrada,Permitido
User_046,1FA3,2026-05-10,09:28:12,Entrada,Permitido
User_018,0888,2026-02-13,17:02:12,Salida,Permitido
User_008,1532,2026-03-17,15:24:12,Entrada,Permitido
User_005,1A4E,2026-04-10,12:20:12,Entrada,Permitido
User_023,0DE6,2026-03-12,15:54:12,Salida,Permitido
User_023,0DE6,2026-03-13,12:08:12,Entrada,Permitido
User_048,240A,2026-03-10,13:21:12,Salida,Permitido
User_022,25C2,2026-02-26,09:35:12,Entrada,Permitido
User_019,15B3,2026-05-08,15:50:12,Salida,Permitido
User_050,0A19,2026-03-10,07:15:12,Entrada,Permitido
User_016,17A3,2026-04-04,10:31:12,Entrada,Permitido
User_022,25C2,2026-04-24,06:16:12,Salida,Permitido
User_007,05BA,2026-04-28,13:42:12,Salida,Permitido
User_048,240A,2026-02-13,21:07:12,Salida,Permitido
User_007,05BA,2026-02-15,15:56:12,Entrada,Permitido
User_047,06EF,2026-03-30,15:54:12,Salida,Permitido
User_021,1CE4,2026-03-23,13:16:12,Entrada,Permitido
User_041,2141,2026-05-02,16:46:12,Entrada,Permitido
User_029,0FA5,2026-02-20,09:30:12,Salida,Permitido
User_017,1CFC,2026-03-03,19:37:12,Entrada,Permitido
User_033,08DB,2026-03-22,11:21:12,Salida,Permitido
User_025,0BE7,2026-03-07,14:04:12,Salida,Permitido
User_026,0EA3,2026-04-30,09:43:12,Salida,Permitido
User_044,1C43,2026-05-04,10:41:12,Entrada,Permitido
User_018,0888,2026-02-23,13:11:12,Entrada,Permitido
User_001,204E,2026-03-25,13:06:12,Salida,Permitido
User_048,240A,2026-03-15,11:03:12,Entrada,Permitido
User_007,05BA,2026-04-22,14:01:12,Salida,Permitido
User_015,18A7,2026-04-04,09:08:12,Entrada,Permitido
User_047,06EF,2026-03-19,17:18:12,Entrada,Permitido
User_021,1CE4,2026-04-12,12:41:12,Entrada,Permitido
User_029,0FA5,2026-03-07,16:09:12,Salida,Permitido
User_013,1F0D,2026-04-18,11:39:12,Entrada,Permitido
User_001,204E,2026-02-26,18:05:12,Salida,Permitido
User_005,1A4E,2026-04-20,05:47:12,Entrada,Permitido
User_021,1CE4,2026-04-14,11:32:12,Salida,Permitido
User_031,0B53,2026-05-04,16:01:12,Entrada,Permitido
User_015,18A7,2026-05-04,17:39:12,Salida,Permitido
User_006,1C61,2026-05-08,15:09:12,Salida,Denegado
User_047,06EF,2026-02-27,16:40:12,Salida,Permitido
User_028,0E96,2026-05-11,07:49:12,Entrada,Permitido
User_022,25C2,2026-03-03,14:05:12,Salida,Permitido
User_033,08DB,2026-04-27,10:35:12,Salida,Permitido
User_001,204E,2026-02-13,09:51:12,Entrada,Permitido
User_001,204E,2026-03-20,08:33:12,Salida,Permitido
User_036,131A,2026-04-13,11:54:12,Salida,Permitido
User_027,04A5,2026-05-04,15:00:12,Entrada,Permitido
User_006,1C61,2026-02-25,13:47:12,Entrada,Permitido
User_049,1038,2026-04-26,16:57:12,Entrada,Permitido
User_001,204E,2026-02-28,14:29:12,Entrada,Permitido
User_047,06EF,2026-03-24,12:54:12,Salida,Permitido
User_011,0A7D,2026-04-19,21:21:12,Salida,Permitido
User_008,1532,2026-03-31,17:54:12,Salida,Permitido
User_035,11CC,2026-02-27,12:53:12,Salida,Permitido
User_021,1CE4,2026-05-10,12:31:12,Salida,Permitido
User_036,131A,2026-03-03,09:02:12,Salida,Permitido
User_050,0A19,2026-04-19,14:13:12,Entrada,Permitido
User_007,05BA,2026-05-09,09:16:12,Entrada,Permitido
User_032,221E,2026-03-27,12:44:12,Salida,Permitido
User_023,0DE6,2026-04-04,20:43:12,Salida,Permitido
User_010,246A,2026-02-24,09:29:12,Entrada,Permitido
User_025,0BE7,2026-02-18,10:35:12,Entrada,Permitido
User_018,0888,2026-04-19,11:29:12,Salida,Permitido
User_023,0DE6,2026-03-17,14:17:12,Entrada,Permitido
User_024,2291,2026-02-25,13:33:12,Entrada,Permitido
User_035,11CC,2026-03-08,13:34:12,Salida,Permitido
User_002,0744,2026-04-15,19:17:12,Entrada,Permitido
User_017,1CFC,2026-04-18,06:55:12,Entrada,Permitido
User_029,0FA5,2026-04-20,18:49:12,Entrada,Permitido
User_031,0B53,2026-04-03,20:45:12,Salida,Permitido
User_033,08DB,2026-04-23,12:57:12,Salida,Permitido
User_042,0E1C,2026-04-22,19:24:12,Salida,Permitido
User_011,0A7D,2026-02-24,15:55:12,Entrada,Permitido
User_048,240A,2026-02-18,17:07:12,Entrada,Permitido
User_018,0888,2026-03-08,14:26:12,Salida,Permitido
User_012,06E9,2026-03-23,10:58:12,Entrada,Permitido
User_029,0FA5,2026-04-04,10:19:12,Salida,Permitido
User_045,1956,2026-02-28,05:46:12,Entrada,Permitido
User_004,182F,2026-05-04,19:08:12,Salida,Permitido
User_039,2640,2026-04-14,14:18:12,Salida,Permitido
User_048,240A,2026-02-15,09:35:12,Entrada,Permitido
User_007,05BA,2026-04-09,13:52:12,Entrada,Permitido
User_018,0888,2026-02-11,15:11:12,Entrada,Permitido
User_025,0BE7,2026-02-13,13:41:12,Salida,Permitido
User_023,0DE6,2026-04-23,14:50:12,Entrada,Permitido
User_036,131A,2026-04-28,21:52:12,Salida,Permitido
User_003,18F6,2026-05-10,17:37:12,Entrada,Permitido
User_010,246A,2026-03-13,13:42:12,Entrada,Permitido
User_044,1C43,2026-04-13,14:37:12,Entrada,Permitido
User_014,0D69,2026-05-07,12:27:12,Salida,Permitido
User_035,11CC,2026-03-25,16:02:12,Salida,Denegado
User_035,11CC,2026-03-24,13:24:12,Salida,Permitido
User_005,1A4E,2026-04-04,14:10:12,Salida,Permitido
User_039,2640,2026-04-14,13:16:12,Salida,Permitido
User_017,1CFC,2026-04-03,13:34:12,Entrada,Permitido
User_046,1FA3,2026-02-25,11:10:12,Salida,Permitido
User_036,131A,2026-03-29,21:16:12,Entrada,Permitido
User_044,1C43,2026-03-07,12:41:12,Entrada,Permitido
User_030,161A,2026-03-01,06:33:12,Entrada,Permitido
User_024,2291,2026-04-21,07:28:12,Entrada,Permitido
User_009,19B2,2026-02-20,16:40:12,Salida,Permitido
User_046,1FA3,2026-04-12,06:12:12,Entrada,Permitido
User_009,19B2,2026-04-07,17:15:12,Salida,Permitido
User_015,18A7,2026-03-18,11:40:12,Entrada,Denegado
User_047,06EF,2026-03-29,10:47:12,Entrada,Permitido
User_041,2141,2026-03-02,16:16:12,Entrada,Permitido
User_048,240A,2026-05-03,09:54:12,Entrada,Permitido
User_004,182F,2026-04-02,15:36:12,Entrada,Permitido
User_025,0BE7,2026-03-10,16:00:12,Entrada,Permitido
User_049,1038,2026-02-16,16:39:12,Salida,Permitido
User_041,2141,2026-04-14,19:13:12,Salida,Permitido
User_025,0BE7,2026-05-09,15:58:12,Entrada,Permitido
User_026,0EA3,2026-03-20,13:58:12,Entrada,Permitido
User_013,1F0D,2026-03-26,14:35:12,Entrada,Permitido
User_033,08DB,2026-03-05,07:11:12,Entrada,Permitido
User_001,204E,2026-04-23,09:14:12,Entrada,Permitido
User_006,1C61,2026-04-20,14:59:12,Entrada,Permitido
User_016,17A3,2026-04-08,08:44:12,Salida,Permitido
User_003,18F6,2026-03-18,13:39:12,Salida,Permitido
User_009,19B2,2026-04-26,12:17:12,Salida,Permitido
User_012,06E9,2026-03-04,16:44:12,Entrada,Permitido
User_040,24D9,2026-04-25,12:29:12,Salida,Permitido
User_010,246A,2026-03-27,06:14:12,Entrada,Permitido
User_010,246A,2026-03-15,13:09:12,Salida,Permitido
User_038,18F9,2026-03-09,09:21:12,Salida,Permitido
User_008,1532,2026-05-09,11:30:12,Entrada,Permitido
User_006,1C61,2026-03-24,07:30:12,Salida,Permitido
User_039,2640,2026-02-22,08:45:12,Entrada,Permitido
User_004,182F,2026-03-18,13:00:12,Salida,Permitido
User_009,19B2,2026-03-03,16:52:12,Entrada,Permitido
User_028,0E96,2026-04-02,12:55:12,Salida,Permitido
User_041,2141,2026-04-10,13:40:12,Salida,Permitido
User_027,04A5,2026-03-14,13:09:12,Entrada,Permitido
User_047,06EF,2026-02-28,13:20:12,Entrada,Permitido
User_004,182F,2026-03-02,15:06:12,Salida,Permitido
User_013,1F0D,2026-02-26,11:37:12,Salida,Permitido
User_017,1CFC,2026-02-26,15:42:12,Entrada,Permitido
User_006,1C61,2026-04-10,18:24:12,Entrada,Permitido
User_050,0A19,2026-04-08,11:01:12,Entrada,Permitido
User_009,19B2,2026-02-23,08:20:12,Entrada,Permitido
User_045,1956,2026-02-18,10:56:12,Entrada,Permitido
User_017,1CFC,2026-04-08,10:05:12,Entrada,Permitido
User_010,246A,2026-02-28,14:22:12,Entrada,Permitido
User_025,0BE7,2026-04-06,06:36:12,Salida,Permitido
User_049,1038,2026-03-20,05:58:12,Entrada,Permitido
User_009,19B2,2026-04-11,13:19:12,Entrada,Permitido
User_035,11CC,2026-02-27,14:26:12,Entrada,Permitido
User_047,06EF,2026-04-22,11:55:12,Salida,Permitido
User_011,0A7D,2026-02-12,11:16:12,Salida,Permitido
User_022,25C2,2026-04-25,11:57:12,Salida,Permitido
User_020,1121,2026-03-10,08:20:12,Salida,Permitido
User_002,0744,2026-05-01,18:51:12,Entrada,Permitido
User_033,08DB,2026-03-01,13:11:12,Salida,Permitido
User_004,182F,2026-03-11,16:06:12,Salida,Permitido
User_006,1C61,2026-02-17,10:57:12,Entrada,Permitido
User_023,0DE6,2026-04-29,09:49:12,Salida,Permitido
User_037,266E,2026-02-13,11:12:12,Entrada,Permitido
User_028,0E96,2026-04-29,12:11:12,Salida,Permitido
User_006,1C61,2026-03-15,14:05:12,Salida,Permitido
User_034,09E0,2026-04-07,07:47:12,Entrada,Permitido
User_002,0744,2026-02-24,16:13:12,Entrada,Permitido
User_025,0BE7,2026-02-11,18:13:12,Salida,Permitido
User_030,161A,2026-04-02,13:24:12,Entrada,Permitido
User_008,1532,2026-04-07,15:01:12,Salida,Permitido
User_039,2640,2026-03-03,16:49:12,Entrada,Permitido
User_049,1038,2026-03-26,18:46:12,Entrada,Permitido
User_010,246A,2026-04-02,05:21:12,Salida,Permitido
User_037,266E,2026-03-02,13:24:12,Salida,Permitido
User_028,0E96,2026-04-07,17:05:12,Salida,Permitido
User_014,0D69,2026-03-26,11:49:12,Entrada,Permitido
User_028,0E96,2026-02-14,12:00:12,Salida,Permitido
User_018,0888,2026-02-16,15:30:12,Entrada,Permitido
User_001,204E,2026-02-15,15:54:12,Salida,Permitido
User_005,1A4E,2026-02-14,14:55:12,Entrada,Permitido
User_045,1956,2026-04-16,12:29:12,Entrada,Permitido
User_031,0B53,2026-03-12,09:27:12,Entrada,Permitido
User_042,0E1C,2026-04-02,07:28:12,Entrada,Permitido
User_039,2640,2026-04-26,06:19:12,Salida,Permitido
User_024,2291,2026-05-01,16:59:12,Salida,Permitido
User_041,2141,2026-04-07,16:46:12,Entrada,Permitido
User_034,09E0,2026-04-27,07:59:12,Entrada,Permitido
User_027,04A5,2026-04-05,17:06:12,Entrada,Permitido
User_034,09E0,2026-04-09,05:30:12,Entrada,Permitido
User_008,1532,2026-04-20,07:03:12,Salida,Permitido
User_046,1FA3,2026-02-14,18:21:12,Salida,Permitido
User_046,1FA3,2026-04-14,09:54:12,Entrada,Permitido
User_017,1CFC,2026-02-13,07:37:12,Entrada,Permitido
User_027,04A5,2026-02-20,11:08:12,Salida,Permitido
User_045,1956,2026-04-01,08:41:12,Salida,Permitido
User_014,0D69,2026-03-13,10:40:12,Entrada,Permitido
User_035,11CC,2026-04-09,12:27:12,Salida,Permitido
User_003,18F6,2026-03-01,12:57:12,Entrada,Denegado
User_036,131A,2026-02-21,11:35:12,Salida,Permitido
User_006,1C61,2026-02-17,10:25:12,Salida,Permitido
User_005,1A4E,2026-03-02,13:37:12,Entrada,Permitido
User_024,2291,2026-05-08,12:20:12,Entrada,Permitido
User_007,05BA,2026-03-04,13:27:12,Salida,Permitido
User_025,0BE7,2026-03-09,15:26:12,Salida,Permitido
User_016,17A3,2026-03-08,15:13:12,Entrada,Permitido
User_032,221E,2026-02-13,11:19:12,Entrada,Permitido
User_049,1038,2026-03-02,05:33:12,Entrada,Permitido
User_031,0B53,2026-04-13,13:06:12,Entrada,Permitido
User_025,0BE7,2026-03-04,11:29:12,Entrada,Permitido
User_012,06E9,2026-03-31,11:44:12,Salida,Permitido
User_048,240A,2026-03-09,09:36:12,Salida,Permitido
User_023,0DE6,2026-02-15,10:55:12,Entrada,Permitido
User_036,131A,2026-04-20,12:56:12,Salida,Permitido
User_021,1CE4,2026-03-22,12:50:12,Salida,Permitido
User_027,04A5,2026-05-02,15:38:12,Entrada,Permitido
User_013,1F0D,2026-04-14,12:55:12,Entrada,Permitido
User_003,18F6,2026-02-20,13:24:12,Entrada,Permitido
User_039,2640,2026-03-13,05:15:12,Entrada,Permitido
User_009,19B2,2026-03-06,12:55:12,Salida,Permitido
User_020,1121,2026-02-14,15:49:12,Salida,Permitido
User_005,1A4E,2026-02-16,09:05:12,Entrada,Permitido
User_016,17A3,2026-04-03,12:37:12,Entrada,Permitido
User_020,1121,2026-05-02,11:12:12,Entrada,Permitido
User_017,1CFC,2026-02-23,17:40:12,Entrada,Permitido
User_033,08DB,2026-03-11,16:35:12,Salida,Permitido
User_024,2291,2026-03-12,06:11:12,Entrada,Permitido
User_028,0E96,2026-03-08,18:31:12,Entrada,Permitido
User_049,1038,2026-03-30,07:29:12,Entrada,Permitido
User_050,0A19,2026-02-14,11:47:12,Entrada,Permitido
User_003,18F6,2026-02-16,12:56:12,Entrada,Permitido
User_036,131A,2026-04-16,12:02:12,Entrada,Permitido
User_029,0FA5,2026-03-07,13:21:12,Entrada,Denegado
User_045,1956,2026-02-22,08:28:12,Entrada,Permitido
User_041,2141,2026-04-04,12:31:12,Salida,Permitido
User_028,0E96,2026-02-26,10:05:12,Entrada,Permitido
User_050,0A19,2026-03-20,12:05:12,Entrada,Permitido
User_039,2640,2026-04-28,11:44:12,Entrada,Permitido
User_026,0EA3,2026-04-05,09:51:12,Entrada,Permitido
User_028,0E96,2026-05-10,18:53:12,Entrada,Permitido
User_044,1C43,2026-03-26,14:34:12,Entrada,Permitido
User_048,240A,2026-04-10,14:37:12,Salida,Permitido
User_023,0DE6,2026-03-24,07:48:12,Entrada,Permitido
User_022,25C2,2026-02-16,17:28:12,Salida,Permitido
User_049,1038,2026-04-12,14:24:12,Salida,Permitido
User_007,05BA,2026-03-04,13:27:12,Salida,Permitido
User_050,0A19,2026-03-24,20:53:12,Entrada,Permitido
User_003,18F6,2026-04-22,12:58:12,Salida,Permitido
User_030,161A,2026-05-04,06:57:12,Salida,Permitido
User_046,1FA3,2026-02-11,14:28:12,Salida,Permitido
User_038,18F9,2026-03-21,13:13:12,Salida,Permitido
User_006,1C61,2026-05-10,19:06:12,Salida,Permitido
User_005,1A4E,2026-03-06,18:05:12,Salida,Permitido
User_048,240A,2026-05-09,14:45:12,Entrada,Permitido
User_006,1C61,2026-03-16,15:02:12,Salida,Permitido
User_014,0D69,2026-04-20,19:10:12,Salida,Permitido
User_036,131A,2026-05-03,07:25:12,Salida,Permitido
User_018,0888,2026-02-11,11:19:12,Entrada,Permitido
User_041,2141,2026-04-08,17:13:12,Entrada,Permitido
User_023,0DE6,2026-04-27,12:30:12,Entrada,Permitido
User_011,0A7D,2026-03-26,12:48:12,Entrada,Permitido
User_038,18F9,2026-03-07,06:57:12,Salida,Denegado
User_037,266E,2026-03-11,14:29:12,Salida,Permitido
User_032,221E,2026-03-24,14:05:12,Entrada,Permitido
User_019,15B3,2026-04-08,13:56:12,Entrada,Permitido
User_003,18F6,2026-02-26,18:41:12,Entrada,Permitido
User_029,0FA5,2026-03-12,20:51:12,Salida,Permitido
User_008,1532,2026-04-02,07:47:12,Salida,Permitido
User_020,1121,2026-04-12,11:03:12,Salida,Permitido
User_025,0BE7,2026-04-15,15:17:12,Salida,Permitido
User_004,182F,2026-03-02,16:52:12,Entrada,Permitido
User_034,09E0,2026-02-20,07:24:12,Entrada,Permitido
User_031,0B53,2026-03-25,16:21:12,Entrada,Permitido
User_033,08DB,2026-02-24,12:32:12,Salida,Denegado
User_008,1532,2026-03-20,14:37:12,Salida,Permitido
User_032,221E,2026-02-21,20:29:12,Salida,Permitido
User_027,04A5,2026-04-02,19:16:12,Entrada,Permitido
User_025,0BE7,2026-04-19,19:26:12,Entrada,Permitido
User_011,0A7D,2026-04-17,19:56:12,Salida,Permitido
User_008,1532,2026-03-03,17:09:12,Salida,Permitido
User_047,06EF,2026-05-08,14:59:12,Entrada,Permitido
User_009,19B2,2026-02-22,06:20:12,Salida,Permitido
User_034,09E0,2026-02-18,11:21:12,Salida,Permitido
User_043,1F69,2026-02-19,15:44:12,Salida,Permitido
User_001,204E,2026-03-28,15:10:12,Salida,Permitido
User_002,0744,2026-02-25,13:58:12,Entrada,Permitido
User_035,11CC,2026-03-23,08:32:12,Entrada,Permitido
User_043,1F69,2026-02-18,17:15:12,Entrada,Permitido
User_041,2141,2026-05-08,07:16:12,Salida,Permitido
User_017,1CFC,2026-05-10,10:28:12,Salida,Permitido
User_026,0EA3,2026-02-13,13:13:12,Salida,Denegado
User_004,182F,2026-03-20,17:03:12,Entrada,Permitido
User_036,131A,2026-03-08,09:39:12,Salida,Permitido
User_015,18A7,2026-04-08,09:51:12,Salida,Permitido
User_015,18A7,2026-02-27,11:02:12,Salida,Permitido
User_028,0E96,2026-04-10,09:16:12,Entrada,Permitido
User_007,05BA,2026-05-10,12:48:12,Entrada,Permitido
User_019,15B3,2026-04-02,19:03:12,Salida,Permitido
User_022,25C2,2026-03-17,11:41:12,Salida,Permitido
User_037,266E,2026-05-11,11:43:12,Salida,Permitido
User_038,18F9,2026-04-17,18:09:12,Entrada,Permitido
User_024,2291,2026-04-29,07:55:12,Salida,Permitido
User_038,18F9,2026-02-12,16:51:12,Salida,Denegado
User_034,09E0,2026-04-26,08:48:12,Salida,Permitido
User_032,221E,2026-05-02,10:15:12,Entrada,Permitido
User_043,1F69,2026-02-19,10:01:12,Entrada,Permitido
User_041,2141,2026-03-26,20:46:12,Entrada,Permitido
User_039,2640,2026-05-08,18:50:12,Salida,Permitido
User_049,1038,2026-04-13,11:41:12,Entrada,Permitido
User_050,0A19,2026-03-18,10:15:12,Salida,Permitido
User_023,0DE6,2026-04-21,16:06:12,Entrada,Permitido
User_021,1CE4,2026-03-04,16:16:12,Salida,Denegado
User_048,240A,2026-04-17,13:27:12,Salida,Permitido
User_022,25C2,2026-04-16,07:29:12,Entrada,Permitido
User_010,246A,2026-04-16,19:13:12,Salida,Permitido
User_035,11CC,2026-05-02,05:41:12,Entrada,Permitido
User_050,0A19,2026-04-22,11:11:12,Entrada,Permitido
User_031,0B53,2026-05-03,12:44:12,Salida,Permitido
User_035,11CC,2026-04-03,12:44:12,Salida,Permitido
User_026,0EA3,2026-04-13,10:42:12,Entrada,Permitido
User_005,1A4E,2026-04-17,07:24:12,Entrada,Permitido
User_044,1C43,2026-02-24,14:03:12,Entrada,Permitido
User_004,182F,2026-03-25,08:20:12,Salida,Permitido
User_042,0E1C,2026-03-13,12:40:12,Entrada,Permitido
User_030,161A,2026-03-03,17:47:12,Entrada,Permitido
User_046,1FA3,2026-05-05,16:02:12,Entrada,Permitido
User_017,1CFC,2026-03-20,11:36:12,Entrada,Permitido
User_026,0EA3,2026-04-01,14:48:12,Salida,Denegado
User_036,131A,2026-03-14,18:52:12,Salida,Permitido
User_025,0BE7,2026-04-03,13:20:12,Entrada,Permitido
User_043,1F69,2026-02-11,20:55:12,Entrada,Permitido
User_050,0A19,2026-02-19,22:56:12,Salida,Permitido
User_039,2640,2026-04-11,08:33:12,Entrada,Permitido
User_039,2640,2026-05-05,18:04:12,Entrada,Permitido
User_006,1C61,2026-04-03,12:23:12,Entrada,Permitido
User_033,08DB,2026-02-12,13:16:12,Entrada,Denegado
User_034,09E0,2026-03-06,22:21:12,Entrada,Permitido
User_037,266E,2026-02-13,05:55:12,Entrada,Permitido
User_037,266E,2026-04-23,18:23:12,Entrada,Permitido
User_046,1FA3,2026-03-10,09:29:12,Entrada,Permitido
User_004,182F,2026-04-06,12:14:12,Salida,Permitido
User_047,06EF,2026-02-16,17:22:12,Entrada,Permitido
User_026,0EA3,2026-03-30,10:38:12,Salida,Permitido
User_012,06E9,2026-03-05,06:28:12,Salida,Permitido
User_021,1CE4,2026-04-08,09:19:12,Entrada,Permitido
User_018,0888,2026-04-26,13:04:12,Entrada,Permitido
User_020,1121,2026-02-21,19:01:12,Salida,Permitido
User_044,1C43,2026-02-28,03:50:12,Entrada,Permitido
User_008,1532,2026-05-07,05:12:12,Entrada,Permitido
User_021,1CE4,2026-03-25,11:10:12,Salida,Permitido
User_006,1C61,2026-02-24,07:02:12,Salida,Permitido
User_036,131A,2026-03-23,09:28:12,Salida,Permitido
User_007,05BA,2026-02-28,11:30:12,Entrada,Permitido
User_039,2640,2026-03-24,14:41:12,Entrada,Permitido
User_042,0E1C,2026-05-10,19:34:12,Entrada,Permitido
User_048,240A,2026-03-21,08:48:12,Salida,Permitido
User_042,0E1C,2026-02-18,12:07:12,Entrada,Permitido
User_022,25C2,2026-04-28,17:10:12,Entrada,Permitido
User_050,0A19,2026-05-09,16:54:12,Salida,Denegado
User_002,0744,2026-04-12,09:57:12,Entrada,Permitido
User_025,0BE7,2026-02-21,10:57:12,Salida,Permitido
User_046,1FA3,2026-05-07,15:45:12,Salida,Permitido
User_009,19B2,2026-04-06,07:17:12,Salida,Permitido
User_036,131A,2026-05-06,14:46:12,Entrada,Permitido
User_019,15B3,2026-04-08,21:32:12,Salida,Permitido
User_006,1C61,2026-03-04,21:24:12,Entrada,Permitido
User_024,2291,2026-03-20,17:35:12,Entrada,Permitido
User_036,131A,2026-04-21,08:39:12,Entrada,Permitido
User_025,0BE7,2026-03-13,10:32:12,Salida,Permitido
User_012,06E9,2026-03-22,09:07:12,Salida,Permitido
User_019,15B3,2026-03-26,15:08:12,Entrada,Permitido
User_010,246A,2026-04-12,14:44:12,Entrada,Permitido
User_047,06EF,2026-05-10,04:06:12,Entrada,Permitido
User_025,0BE7,2026-05-02,18:03:12,Entrada,Permitido
User_016,17A3,2026-05-02,15:06:12,Salida,Permitido
User_040,24D9,2026-03-03,13:21:12,Salida,Permitido
User_036,131A,2026-04-14,17:54:12,Salida,Permitido
User_046,1FA3,2026-04-07,11:10:12,Entrada,Permitido
User_015,18A7,2026-04-27,11:54:12,Entrada,Denegado
User_015,18A7,2026-04-27,07:49:12,Salida,Permitido
User_040,24D9,2026-04-22,20:44:12,Salida,Denegado
User_007,05BA,2026-02-28,12:22:12,Salida,Permitido
User_046,1FA3,2026-04-15,09:28:12,Salida,Permitido
User_042,0E1C,2026-03-10,15:33:12,Entrada,Permitido
User_031,0B53,2026-05-07,10:12:12,Entrada,Permitido
User_036,131A,2026-02-13,19:44:12,Salida,Permitido
User_010,246A,2026-02-26,15:51:12,Entrada,Permitido
User_011,0A7D,2026-03-16,12:17:12,Entrada,Permitido
User_011,0A7D,2026-03-04,14:47:12,Entrada,Permitido
User_031,0B53,2026-02-15,13:11:12,Salida,Permitido
User_020,1121,2026-03-11,18:55:12,Entrada,Permitido
User_017,1CFC,2026-02-15,15:53:12,Salida,Permitido
User_002,0744,2026-05-08,10:54:12,Entrada,Permitido
User_025,0BE7,2026-04-26,11:02:12,Entrada,Permitido
User_015,18A7,2026-03-27,15:34:12,Entrada,Denegado
User_045,1956,2026-04-02,10:51:12,Salida,Permitido
User_022,25C2,2026-03-21,13:52:12,Entrada,Permitido
User_050,0A19,2026-02-11,06:10:12,Salida,Permitido
User_010,246A,2026-03-10,17:45:12,Salida,Permitido
User_019,15B3,2026-04-07,06:54:12,Entrada,Permitido
User_026,0EA3,2026-02-28,10:11:12,Entrada,Permitido
User_029,0FA5,2026-02-19,17:23:12,Salida,Permitido
User_024,2291,2026-04-25,14:09:12,Entrada,Permitido
User_010,246A,2026-03-21,13:05:12,Entrada,Permitido
User_017,1CFC,2026-03-28,11:11:12,Entrada,Permitido
User_048,240A,2026-02-13,12:10:12,Entrada,Permitido
User_029,0FA5,2026-02-22,13:20:12,Salida,Permitido
User_048,240A,2026-03-26,19:05:12,Entrada,Permitido
User_024,2291,2026-02-18,13:55:12,Entrada,Permitido
User_016,17A3,2026-02-20,13:26:12,Entrada,Permitido
User_038,18F9,2026-02-14,09:52:12,Entrada,Permitido
User_037,266E,2026-03-29,15:25:12,Entrada,Permitido
User_030,161A,2026-03-22,15:19:12,Entrada,Permitido
User_035,11CC,2026-04-16,13:25:12,Salida,Permitido
User_017,1CFC,2026-03-13,13:21:12,Entrada,Permitido
User_037,266E,2026-04-15,13:00:12,Entrada,Permitido
User_039,2640,2026-05-06,13:30:12,Entrada,Permitido
User_044,1C43,2026-03-29,15:02:12,Salida,Permitido
User_015,18A7,2026-02-26,18:44:12,Entrada,Permitido
User_039,2640,2026-03-25,15:14:12,Entrada,Permitido
User_023,0DE6,2026-05-11,19:37:12,Salida,Permitido
User_047,06EF,2026-04-27,14:28:12,Salida,Permitido
User_047,06EF,2026-03-31,17:34:12,Salida,Permitido
User_029,0FA5,2026-04-23,07:01:12,Salida,Denegado
User_035,11CC,2026-03-03,16:07:12,Entrada,Denegado
User_024,2291,2026-03-14,12:29:12,Salida,Permitido
User_011,0A7D,2026-03-17,10:59:12,Salida,Permitido
User_034,09E0,2026-05-02,17:10:12,Salida,Permitido
User_024,2291,2026-02-13,12:49:12,Salida,Permitido
User_036,131A,2026-05-07,06:54:12,Entrada,Permitido
User_037,266E,2026-04-22,11:33:12,Entrada,Permitido
User_044,1C43,2026-05-10,15:26:12,Salida,Permitido
User_021,1CE4,2026-04-06,18:58:12,Salida,Permitido
User_050,0A19,2026-02-22,12:55:12,Entrada,Permitido
User_005,1A4E,2026-03-12,14:15:12,Salida,Permitido
User_045,1956,2026-04-25,15:35:12,Entrada,Permitido
User_031,0B53,2026-05-04,17:02:12,Entrada,Permitido
User_032,221E,2026-02-12,08:06:12,Entrada,Permitido
User_016,17A3,2026-02-20,15:31:12,Entrada,Denegado
User_016,17A3,2026-04-29,10:49:12,Entrada,Permitido
User_049,1038,2026-03-27,17:18:12,Salida,Permitido
User_039,2640,2026-03-03,14:59:12,Salida,Permitido
User_043,1F69,2026-04-01,13:17:12,Salida,Permitido
User_039,2640,2026-02-22,13:04:12,Salida,Permitido
User_011,0A7D,2026-04-08,17:25:12,Salida,Permitido
User_004,182F,2026-03-21,11:07:12,Salida,Permitido
User_022,25C2,2026-02-27,11:56:12,Entrada,Permitido
User_033,08DB,2026-02-18,18:16:12,Salida,Permitido
User_007,05BA,2026-02-22,14:41:12,Entrada,Permitido
User_047,06EF,2026-03-31,14:18:12,Entrada,Permitido
User_004,182F,2026-03-14,23:30:12,Entrada,Permitido
User_046,1FA3,2026-03-23,16:19:12,Entrada,Permitido
User_041,2141,2026-04-03,07:43:12,Entrada,Permitido
User_013,1F0D,2026-05-10,14:07:12,Salida,Permitido
User_044,1C43,2026-03-30,13:21:12,Salida,Permitido
User_011,0A7D,2026-03-07,11:31:12,Entrada,Permitido
User_035,11CC,2026-04-27,16:16:12,Salida,Permitido
User_037,266E,2026-04-11,10:53:12,Entrada,Permitido
User_020,1121,2026-04-15,13:08:12,Entrada,Permitido
User_037,266E,2026-04-28,06:29:12,Salida,Permitido
User_050,0A19,2026-04-24,10:40:12,Entrada,Permitido
User_017,1CFC,2026-03-13,09:50:12,Salida,Permitido
User_020,1121,2026-02-26,09:45:12,Salida,Permitido
User_024,2291,2026-05-03,14:31:12,Entrada,Permitido
User_026,0EA3,2026-03-17,15:14:12,Entrada,Permitido
User_006,1C61,2026-04-03,12:45:12,Salida,Permitido
User_011,0A7D,2026-03-18,18:31:12,Salida,Permitido
User_024,2291,2026-03-12,07:58:12,Salida,Permitido
User_022,25C2,2026-04-12,15:32:12,Salida,Permitido
User_035,11CC,2026-03-20,19:27:12,Entrada,Permitido
User_003,18F6,2026-03-31,17:32:12,Entrada,Permitido
User_022,25C2,2026-03-01,13:13:12,Salida,Permitido
User_045,1956,2026-04-05,12:38:12,Salida,Permitido
User_007,05BA,2026-02-27,21:30:12,Salida,Permitido
User_024,2291,2026-04-25,16:13:12,Salida,Permitido
User_037,266E,2026-04-22,04:54:12,Entrada,Permitido
User_013,1F0D,2026-03-30,19:24:12,Salida,Permitido
User_019,15B3,2026-02-12,15:34:12,Entrada,Permitido
User_035,11CC,2026-04-26,08:19:12,Entrada,Permitido
User_024,2291,2026-03-03,12:16:12,Entrada,Permitido
User_006,1C61,2026-04-29,13:09:12,Entrada,Permitido
User_050,0A19,2026-04-28,10:39:12,Salida,Denegado
User_001,204E,2026-03-19,19:32:12,Salida,Permitido
User_001,204E,2026-02-23,09:18:12,Salida,Permitido
User_050,0A19,2026-03-08,11:42:12,Salida,Permitido
User_044,1C43,2026-04-06,13:58:12,Salida,Permitido
User_037,266E,2026-04-13,11:22:12,Salida,Permitido
User_043,1F69,2026-03-22,18:26:12,Entrada,Permitido
User_013,1F0D,2026-05-07,15:34:12,Salida,Permitido
User_010,246A,2026-05-02,10:57:12,Entrada,Permitido
User_002,0744,2026-05-04,11:50:12,Salida,Permitido
User_034,09E0,2026-05-07,12:05:12,Salida,Permitido
User_003,18F6,2026-03-23,10:19:12,Salida,Permitido
User_001,204E,2026-04-30,18:22:12,Salida,Permitido
User_003,18F6,2026-02-27,10:33:12,Entrada,Permitido
User_016,17A3,2026-02-13,14:13:12,Entrada,Permitido
User_027,04A5,2026-02-25,17:18:12,Entrada,Permitido
User_041,2141,2026-02-16,08:06:12,Entrada,Permitido
User_046,1FA3,2026-03-09,06:31:12,Entrada,Permitido
User_030,161A,2026-04-23,18:29:12,Entrada,Permitido
User_031,0B53,2026-05-05,12:34:12,Salida,Permitido
User_013,1F0D,2026-04-01,02:37:12,Entrada,Permitido
User_030,161A,2026-03-17,09:33:12,Salida,Permitido
User_033,08DB,2026-04-21,20:55:12,Salida,Permitido
User_001,204E,2026-04-13,19:34:12,Entrada,Permitido
User_003,18F6,2026-02-20,14:25:12,Salida,Permitido
User_033,08DB,2026-04-26,12:01:12,Entrada,Permitido
User_023,0DE6,2026-02-26,09:42:12,Salida,Permitido
User_001,204E,2026-04-02,15:53:12,Entrada,Permitido
User_021,1CE4,2026-03-20,10:23:12,Salida,Permitido
User_009,19B2,2026-04-16,17:05:12,Entrada,Permitido
User_036,131A,2026-04-09,09:28:12,Entrada,Permitido
User_037,266E,2026-03-30,14:43:12,Salida,Permitido
User_010,246A,2026-03-03,16:11:12,Entrada,Permitido
User_036,131A,2026-03-16,10:48:12,Entrada,Permitido
User_001,204E,2026-04-10,17:04:12,Entrada,Permitido
User_050,0A19,2026-02-26,10:39:12,Salida,Permitido
User_006,1C61,2026-05-10,04:28:12,Entrada,Permitido
User_007,05BA,2026-03-31,13:30:12,Entrada,Permitido
User_002,0744,2026-05-06,08:59:12,Salida,Permitido
User_019,15B3,2026-05-09,12:31:12,Salida,Permitido
User_023,0DE6,2026-03-14,12:36:12,Entrada,Permitido
User_028,0E96,2026-04-28,00:37:12,Salida,Permitido
User_011,0A7D,2026-03-24,17:55:12,Salida,Permitido
User_032,221E,2026-03-28,04:39:12,Salida,Permitido
User_018,0888,2026-02-22,13:06:12,Entrada,Permitido
User_044,1C43,2026-02-15,13:45:12,Salida,Permitido
User_017,1CFC,2026-04-14,16:43:12,Salida,Permitido
User_024,2291,2026-03-06,11:07:12,Salida,Permitido
User_012,06E9,2026-03-23,05:27:12,Salida,Permitido
User_039,2640,2026-03-15,12:35:12,Salida,Permitido
User_033,08DB,2026-03-22,13:12:12,Salida,Permitido
User_046,1FA3,2026-04-25,19:11:12,Entrada,Permitido
User_009,19B2,2026-05-05,14:18:12,Entrada,Permitido
User_019,15B3,2026-02-25,10:17:12,Salida,Permitido
User_046,1FA3,2026-05-01,06:19:12,Entrada,Permitido
User_014,0D69,2026-04-03,08:40:12,Entrada,Permitido
User_001,204E,2026-02-25,09:44:12,Salida,Permitido
User_016,17A3,2026-04-05,14:44:12,Salida,Permitido
User_018,0888,2026-02-26,14:34:12,Entrada,Permitido
User_017,1CFC,2026-04-09,19:09:12,Salida,Permitido
User_039,2640,2026-04-29,16:23:12,Entrada,Permitido
User_046,1FA3,2026-05-10,00:07:12,Salida,Permitido
User_030,161A,2026-04-01,07:46:12,Salida,Permitido
User_044,1C43,2026-03-28,04:37:12,Entrada,Permitido
User_007,05BA,2026-03-29,10:22:12,Salida,Permitido
User_050,0A19,2026-02-14,15:52:12,Entrada,Permitido
User_049,1038,2026-04-13,12:27:12,Salida,Permitido
User_022,25C2,2026-03-25,14:43:12,Entrada,Permitido
User_017,1CFC,2026-02-15,17:16:12,Entrada,Permitido
User_031,0B53,2026-02-16,12:13:12,Salida,Permitido
User_011,0A7D,2026-03-08,19:27:12,Salida,Permitido
User_024,2291,2026-04-20,00:03:12,Salida,Permitido
User_009,19B2,2026-02-13,15:30:12,Salida,Permitido
User_001,204E,2026-03-17,15:21:12,Salida,Permitido
User_010,246A,2026-02-28,13:19:12,Entrada,Permitido
User_016,17A3,2026-05-06,12:26:12,Entrada,Permitido
User_007,05BA,2026-02-17,18:24:12,Entrada,Permitido
User_026,0EA3,2026-04-24,07:16:12,Salida,Permitido
User_026,0EA3,2026-04-19,10:36:12,Salida,Permitido
User_050,0A19,2026-04-09,18:08:12,Entrada,Permitido
User_023,0DE6,2026-04-14,07:38:12,Entrada,Permitido
User_025,0BE7,2026-03-27,04:21:12,Salida,Permitido
User_022,25C2,2026-04-29,15:29:12,Entrada,Permitido
User_010,246A,2026-02-16,07:50:12,Entrada,Permitido
User_044,1C43,2026-04-06,16:42:12,Entrada,Permitido
User_009,19B2,2026-03-19,15:04:12,Entrada,Permitido
User_044,1C43,2026-02-12,12:29:12,Entrada,Permitido
User_048,240A,2026-04-29,07:56:12,Entrada,Permitido
User_033,08DB,2026-05-04,16:49:12,Salida,Permitido
User_025,0BE7,2026-02-24,09:49:12,Salida,Permitido
User_018,0888,2026-02-20,01:34:12,Salida,Permitido
User_025,0BE7,2026-04-04,10:31:12,Salida,Permitido
User_025,0BE7,2026-03-02,15:00:12,Salida,Permitido
User_016,17A3,2026-03-03,20:41:12,Salida,Permitido
User_043,1F69,2026-03-11,12:56:12,Salida,Permitido
User_018,0888,2026-05-05,16:03:12,Entrada,Permitido
User_040,24D9,2026-02-23,09:40:12,Salida,Permitido
User_026,0EA3,2026-04-10,09:00:12,Salida,Permitido
User_012,06E9,2026-04-09,11:18:12,Salida,Permitido
User_003,18F6,2026-03-29,09:32:12,Salida,Permitido
User_015,18A7,2026-02-17,15:41:12,Entrada,Permitido
User_036,131A,2026-04-18,14:16:12,Entrada,Permitido
User_026,0EA3,2026-04-17,11:21:12,Entrada,Permitido
User_039,2640,2026-05-06,15:39:12,Salida,Permitido
User_011,0A7D,2026-03-27,11:44:12,Entrada,Permitido
User_014,0D69,2026-03-05,09:11:12,Salida,Permitido
User_036,131A,2026-05-05,09:39:12,Salida,Permitido
User_043,1F69,2026-05-02,06:20:12,Entrada,Denegado
User_028,0E96,2026-02-27,11:55:12,Salida,Permitido
User_014,0D69,2026-04-21,09:18:12,Entrada,Permitido
User_009,19B2,2026-03-04,16:30:12,Entrada,Permitido
User_028,0E96,2026-03-01,16:51:12,Entrada,Permitido
User_031,0B53,2026-03-28,15:20:12,Entrada,Permitido
User_021,1CE4,2026-02-27,17:06:12,Salida,Permitido
User_035,11CC,2026-04-01,15:10:12,Salida,Permitido
User_019,15B3,2026-04-04,05:03:12,Entrada,Permitido
User_047,06EF,2026-03-25,09:25:12,Entrada,Permitido
User_022,25C2,2026-04-05,09:30:12,Entrada,Permitido
User_034,09E0,2026-04-26,07:21:12,Entrada,Permitido
User_012,06E9,2026-03-31,12:35:12,Salida,Permitido
User_047,06EF,2026-03-14,12:57:12,Salida,Permitido
User_017,1CFC,2026-04-18,11:24:12,Salida,Permitido
User_023,0DE6,2026-04-02,10:45:12,Entrada,Permitido
User_027,04A5,2026-03-22,10:24:12,Entrada,Permitido
User_038,18F9,2026-05-01,12:58:12,Entrada,Permitido
User_029,0FA5,2026-05-03,10:57:12,Salida,Permitido
User_029,0FA5,2026-04-07,12:15:12,Salida,Permitido
User_016,17A3,2026-05-02,06:58:12,Salida,Permitido
User_010,246A,2026-03-18,13:25:12,Salida,Permitido
User_050,0A19,2026-03-29,06:34:12,Entrada,Permitido
User_045,1956,2026-04-27,12:46:12,Entrada,Permitido
User_007,05BA,2026-03-23,11:13:12,Salida,Permitido
User_006,1C61,2026-03-17,12:31:12,Entrada,Permitido
User_008,1532,2026-04-05,07:42:12,Salida,Permitido
User_016,17A3,2026-03-10,14:53:12,Entrada,Permitido
User_024,2291,2026-04-10,05:39:12,Salida,Permitido
User_033,08DB,2026-03-29,10:45:12,Salida,Permitido
User_045,1956,2026-04-26,15:05:12,Entrada,Permitido
User_025,0BE7,2026-03-03,13:03:12,Salida,Permitido
User_012,06E9,2026-03-22,14:20:12,Entrada,Permitido
User_032,221E,2026-04-26,14:46:12,Entrada,Permitido
User_050,0A19,2026-05-08,15:58:12,Entrada,Permitido
User_008,1532,2026-03-08,12:02:12,Salida,Permitido
User_047,06EF,2026-05-05,14:07:12,Salida,Permitido
User_017,1CFC,2026-04-12,14:57:12,Entrada,Permitido
User_027,04A5,2026-02-11,14:13:12,Salida,Permitido
User_036,131A,2026-04-17,16:20:12,Salida,Permitido
User_002,0744,2026-04-18,20:34:12,Entrada,Permitido
User_036,131A,2026-03-26,12:15:12,Salida,Permitido
User_026,0EA3,2026-05-06,10:21:12,Entrada,Permitido
User_017,1CFC,2026-04-20,08:20:12,Entrada,Permitido
User_050,0A19,2026-03-06,12:35:12,Entrada,Permitido
User_025,0BE7,2026-03-07,17:55:12,Entrada,Permitido
User_016,17A3,2026-02-21,12:22:12,Entrada,Permitido
User_023,0DE6,2026-04-06,16:58:12,Salida,Permitido
User_040,24D9,2026-03-03,16:40:12,Salida,Permitido
User_033,08DB,2026-02-18,12:52:12,Salida,Permitido
User_011,0A7D,2026-03-28,14:14:12,Entrada,Permitido
User_030,161A,2026-02-17,11:55:12,Entrada,Permitido
User_027,04A5,2026-05-04,16:09:12,Salida,Permitido
User_019,15B3,2026-03-21,14:22:12,Salida,Permitido
User_040,24D9,2026-03-23,17:13:12,Entrada,Permitido
User_022,25C2,2026-02-15,00:35:12,Entrada,Permitido
User_012,06E9,2026-03-01,11:48:12,Salida,Permitido
User_004,182F,2026-04-30,13:41:12,Salida,Permitido
User_040,24D9,2026-03-20,16:14:12,Entrada,Permitido
User_010,246A,2026-04-20,19:25:12,Salida,Permitido
User_036,131A,2026-02-11,15:12:12,Salida,Permitido
User_020,1121,2026-04-18,14:48:12,Salida,Permitido
User_049,1038,2026-04-01,18:04:12,Entrada,Permitido
User_006,1C61,2026-04-18,13:10:12,Entrada,Permitido
User_016,17A3,2026-05-06,16:07:12,Entrada,Permitido
User_004,182F,2026-04-24,10:48:12,Entrada,Permitido
User_029,0FA5,2026-04-10,13:51:12,Salida,Permitido
User_015,18A7,2026-04-11,11:11:12,Entrada,Permitido
User_026,0EA3,2026-03-11,18:10:12,Entrada,Permitido
User_048,240A,2026-04-13,11:17:12,Entrada,Permitido
User_031,0B53,2026-04-07,13:05:12,Salida,Permitido
User_023,0DE6,2026-03-05,15:29:12,Salida,Permitido
User_042,0E1C,2026-03-15,09:26:12,Salida,Permitido
User_021,1CE4,2026-04-23,15:55:12,Salida,Denegado
User_035,11CC,2026-04-17,14:57:12,Entrada,Permitido
User_021,1CE4,2026-02-23,13:07:12,Salida,Permitido
User_019,15B3,2026-03-12,10:27:12,Entrada,Permitido
User_038,18F9,2026-03-13,10:32:12,Salida,Permitido
User_005,1A4E,2026-04-29,19:29:12,Salida,Denegado
User_013,1F0D,2026-04-19,09:08:12,Salida,Permitido
User_022,25C2,2026-04-21,14:53:12,Entrada,Permitido
User_046,1FA3,2026-04-10,17:05:12,Entrada,Permitido
User_015,18A7,2026-05-01,11:32:12,Entrada,Permitido
User_028,0E96,2026-03-21,13:09:12,Entrada,Permitido
User_040,24D9,2026-02-21,08:57:12,Salida,Permitido
User_044,1C43,2026-04-05,16:15:12,Entrada,Permitido
User_043,1F69,2026-05-10,12:52:12,Entrada,Permitido
User_012,06E9,2026-05-05,09:01:12,Salida,Permitido
User_008,1532,2026-04-28,10:42:12,Salida,Permitido
User_021,1CE4,2026-04-02,16:32:12,Entrada,Permitido
User_013,1F0D,2026-04-01,14:40:12,Salida,Permitido
User_037,266E,2026-04-15,12:15:12,Entrada,Permitido
User_029,0FA5,2026-04-24,12:42:12,Entrada,Permitido
User_033,08DB,2026-04-01,11:06:12,Entrada,Permitido
User_009,19B2,2026-04-19,14:50:12,Salida,Permitido
User_023,0DE6,2026-04-14,17:16:12,Salida,Denegado
User_024,2291,2026-05-10,09:42:12,Salida,Permitido
User_011,0A7D,2026-03-14,13:58:12,Salida,Permitido
User_015,18A7,2026-04-21,21:16:12,Salida,Permitido
User_043,1F69,2026-02-26,20:54:12,Entrada,Permitido
User_010,246A,2026-03-02,14:12:12,Entrada,Permitido
User_002,0744,2026-03-20,12:46:12,Salida,Permitido
User_004,182F,2026-02-27,09:16:12,Entrada,Permitido
User_031,0B53,2026-03-22,14:18:12,Salida,Permitido
User_024,2291,2026-03-01,16:52:12,Salida,Permitido
User_027,04A5,2026-02-16,11:13:12,Entrada,Permitido
User_022,25C2,2026-04-19,13:06:12,Entrada,Permitido
User_011,0A7D,2026-04-04,12:55:12,Salida,Permitido
User_025,0BE7,2026-05-06,09:23:12,Entrada,Permitido
User_035,11CC,2026-03-26,10:35:12,Entrada,Permitido
User_044,1C43,2026-03-18,10:31:12,Salida,Permitido
User_012,06E9,2026-03-20,05:22:12,Salida,Permitido
User_002,0744,2026-04-05,08:40:12,Salida,Permitido
User_031,0B53,2026-03-31,13:52:12,Entrada,Permitido
User_043,1F69,2026-03-04,19:46:12,Entrada,Permitido
User_019,15B3,2026-03-27,11:14:12,Salida,Permitido
User_013,1F0D,2026-04-28,04:12:12,Entrada,Permitido
User_017,1CFC,2026-02-19,11:48:12,Salida,Permitido
User_014,0D69,2026-04-08,13:18:12,Salida,Permitido
User_042,0E1C,2026-03-29,19:48:12,Entrada,Permitido
User_038,18F9,2026-04-05,16:14:12,Entrada,Permitido
User_030,161A,2026-03-14,11:06:12,Salida,Permitido
User_021,1CE4,2026-03-10,16:59:12,Entrada,Permitido
User_019,15B3,2026-02-11,17:45:12,Entrada,Permitido
User_003,18F6,2026-05-01,08:28:12,Salida,Permitido
User_020,1121,2026-03-14,18:03:12,Salida,Permitido
User_025,0BE7,2026-02-14,07:11:12,Salida,Permitido
User_030,161A,2026-02-15,15:49:12,Salida,Permitido
User_045,1956,2026-03-22,16:43:12,Salida,Permitido
User_031,0B53,2026-03-01,06:39:12,Salida,Permitido
User_034,09E0,2026-04-26,19:06:12,Entrada,Permitido
User_047,06EF,2026-05-01,19:11:12,Salida,Permitido
User_008,1532,2026-04-22,06:36:12,Salida,Permitido
User_041,2141,2026-04-26,13:56:12,Entrada,Permitido
User_038,18F9,2026-04-21,16:55:12,Salida,Permitido
User_040,24D9,2026-04-21,14:01:12,Entrada,Permitido
User_044,1C43,2026-04-23,13:30:12,Entrada,Permitido
User_018,0888,2026-02-19,11:20:12,Salida,Permitido
User_013,1F0D,2026-02-19,09:27:12,Salida,Permitido
User_038,18F9,2026-04-26,15:28:12,Entrada,Permitido
User_045,1956,2026-04-10,08:09:12,Salida,Permitido
User_002,0744,2026-03-11,10:35:12,Entrada,Permitido
User_045,1956,2026-03-14,09:29:12,Entrada,Permitido
User_010,246A,2026-04-06,13:11:12,Entrada,Permitido
User_031,0B53,2026-04-22,10:14:12,Salida,Permitido
User_004,182F,2026-02-19,11:31:12,Entrada,Permitido
User_013,1F0D,2026-03-27,08:04:12,Entrada,Permitido
User_043,1F69,2026-04-19,11:33:12,Entrada,Permitido
User_045,1956,2026-03-23,17:41:12,Entrada,Permitido
User_036,131A,2026-05-05,14:30:12,Entrada,Permitido
User_003,18F6,2026-02-24,14:26:12,Entrada,Permitido
User_031,0B53,2026-03-29,18:06:12,Salida,Permitido
User_008,1532,2026-02-24,09:29:12,Salida,Denegado
User_034,09E0,2026-04-07,07:00:12,Salida,Permitido
User_022,25C2,2026-02-18,17:48:12,Entrada,Permitido
User_010,246A,2026-02-13,12:12:12,Salida,Permitido
User_034,09E0,2026-04-08,10:42:12,Entrada,Permitido
User_016,17A3,2026-02-26,16:31:12,Entrada,Permitido
User_013,1F0D,2026-02-14,16:43:12,Entrada,Permitido
User_043,1F69,2026-05-02,14:56:12,Entrada,Permitido
User_025,0BE7,2026-03-23,16:14:12,Entrada,Permitido
User_041,2141,2026-02-28,18:06:12,Salida,Permitido
User_050,0A19,2026-04-03,08:51:12,Salida,Permitido
User_048,240A,2026-04-30,17:14:12,Entrada,Permitido
User_044,1C43,2026-04-01,10:46:12,Entrada,Permitido
User_026,0EA3,2026-04-06,19:28:12,Entrada,Permitido
User_049,1038,2026-04-06,15:18:12,Entrada,Permitido
User_011,0A7D,2026-04-26,15:01:12,Entrada,Permitido
User_048,240A,2026-05-07,07:13:12,Salida,Permitido
User_030,161A,2026-04-10,15:14:12,Salida,Permitido
User_023,0DE6,2026-03-12,12:26:12,Entrada,Permitido
User_038,18F9,2026-02-25,06:02:12,Salida,Permitido
User_026,0EA3,2026-04-29,10:42:12,Salida,Permitido
User_009,19B2,2026-03-28,03:47:12,Salida,Permitido
User_040,24D9,2026-02-13,12:29:12,Entrada,Permitido
User_013,1F0D,2026-02-13,15:30:12,Salida,Permitido
User_015,18A7,2026-04-02,15:59:12,Entrada,Permitido
User_020,1121,2026-02-12,08:59:12,Entrada,Permitido
User_030,161A,2026-03-17,14:01:12,Salida,Permitido
User_034,09E0,2026-03-14,17:28:12,Salida,Permitido
User_039,2640,2026-05-07,12:22:12,Salida,Permitido
User_021,1CE4,2026-04-16,16:58:12,Salida,Permitido
User_020,1121,2026-04-12,18:50:12,Entrada,Permitido
User_035,11CC,2026-03-04,03:56:12,Entrada,Permitido
User_027,04A5,2026-02-12,09:28:12,Entrada,Permitido
User_022,25C2,2026-03-08,17:39:12,Salida,Denegado
User_003,18F6,2026-04-02,11:09:12,Entrada,Permitido
User_037,266E,2026-04-15,12:04:12,Salida,Permitido
User_008,1532,2026-04-28,09:57:12,Salida,Permitido
User_006,1C61,2026-03-11,14:41:12,Entrada,Permitido
User_027,04A5,2026-04-01,10:29:12,Salida,Permitido
User_016,17A3,2026-04-05,12:45:12,Salida,Permitido
User_017,1CFC,2026-05-05,15:39:12,Entrada,Permitido
User_003,18F6,2026-03-12,09:00:12,Entrada,Permitido
User_050,0A19,2026-04-05,12:03:12,Entrada,Permitido
User_044,1C43,2026-05-03,11:52:12,Salida,Permitido
User_048,240A,2026-04-28,14:44:12,Entrada,Permitido
User_022,25C2,2026-02-15,15:28:12,Salida,Permitido
User_039,2640,2026-04-05,09:59:12,Salida,Permitido
User_014,0D69,2026-04-28,13:04:12,Salida,Permitido
User_039,2640,2026-03-03,19:02:12,Entrada,Permitido
User_027,04A5,2026-03-24,18:19:12,Salida,Denegado
User_016,17A3,2026-03-18,12:13:12,Salida,Permitido
User_020,1121,2026-05-06,12:29:12,Salida,Permitido
User_002,0744,2026-04-27,09:43:12,Entrada,Permitido
User_011,0A7D,2026-02-24,14:22:12,Entrada,Permitido
User_037,266E,2026-02-12,16:23:12,Salida,Permitido
User_004,182F,2026-03-25,05:33:12,Entrada,Permitido
User_012,06E9,2026-02-11,06:19:12,Entrada,Permitido
User_004,182F,2026-02-24,10:20:12,Salida,Permitido
User_017,1CFC,2026-04-19,22:11:12,Entrada,Permitido
User_025,0BE7,2026-03-03,16:12:12,Salida,Permitido
User_010,246A,2026-02-25,13:51:12,Salida,Denegado
User_045,1956,2026-05-08,21:01:12,Salida,Permitido
User_029,0FA5,2026-05-06,16:31:12,Salida,Denegado
User_011,0A7D,2026-03-21,12:12:12,Salida,Permitido
User_019,15B3,2026-04-02,08:47:12,Entrada,Permitido
User_020,1121,2026-04-04,10:33:12,Salida,Permitido
User_050,0A19,2026-04-19,13:35:12,Entrada,Permitido
User_040,24D9,2026-04-06,19:11:12,Entrada,Permitido
User_009,19B2,2026-03-17,08:45:12,Salida,Permitido
User_050,0A19,2026-03-25,07:53:12,Salida,Permitido
User_005,1A4E,2026-04-05,18:08:12,Entrada,Permitido
User_026,0EA3,2026-04-30,14:00:12,Entrada,Permitido
User_028,0E96,2026-03-17,18:11:12,Entrada,Permitido
User_044,1C43,2026-05-04,16:12:12,Entrada,Permitido
User_015,18A7,2026-04-14,12:15:12,Salida,Permitido
User_039,2640,2026-04-16,12:38:12,Entrada,Permitido
User_046,1FA3,2026-04-02,21:02:12,Entrada,Permitido
User_027,04A5,2026-02-19,18:50:12,Entrada,Permitido
User_029,0FA5,2026-03-19,10:06:12,Salida,Permitido
User_044,1C43,2026-04-01,15:49:12,Salida,Permitido
User_002,0744,2026-02-13,09:57:12,Entrada,Permitido
User_049,1038,2026-03-10,16:52:12,Entrada,Permitido
User_023,0DE6,2026-04-17,13:21:12,Entrada,Permitido
User_029,0FA5,2026-04-14,23:44:12,Entrada,Permitido
User_050,0A19,2026-02-20,04:26:12,Entrada,Permitido
User_040,24D9,2026-04-14,09:26:12,Entrada,Permitido
User_043,1F69,2026-05-06,17:55:12,Entrada,Permitido
User_023,0DE6,2026-03-26,17:36:12,Entrada,Permitido
User_038,18F9,2026-02-28,17:39:12,Salida,Permitido
User_002,0744,2026-04-10,10:56:12,Salida,Permitido
User_013,1F0D,2026-02-17,07:43:12,Entrada,Permitido
User_047,06EF,2026-03-29,16:55:12,Salida,Permitido
User_014,0D69,2026-02-12,14:46:12,Entrada,Permitido
User_042,0E1C,2026-04-23,16:18:12,Entrada,Permitido
User_017,1CFC,2026-04-25,17:15:12,Entrada,Permitido
User_046,1FA3,2026-03-06,09:59:12,Salida,Permitido
User_044,1C43,2026-03-24,12:43:12,Salida,Permitido
User_020,1121,2026-05-06,14:10:12,Salida,Permitido
User_013,1F0D,2026-03-05,16:03:12,Salida,Permitido
User_044,1C43,2026-03-24,15:27:12,Entrada,Permitido
User_045,1956,2026-03-03,10:25:12,Salida,Permitido
User_005,1A4E,2026-04-14,16:57:12,Entrada,Denegado
User_039,2640,2026-05-02,08:14:12,Entrada,Permitido
User_044,1C43,2026-04-05,10:15:12,Salida,Permitido
User_006,1C61,2026-03-18,12:46:12,Entrada,Permitido
User_008,1532,2026-02-25,03:21:12,Entrada,Permitido
User_015,18A7,2026-03-28,12:02:12,Entrada,Denegado
User_014,0D69,2026-05-11,13:49:12,Salida,Permitido
User_001,204E,2026-04-28,16:54:12,Salida,Permitido
User_042,0E1C,2026-02-26,06:47:12,Salida,Denegado
User_016,17A3,2026-04-27,15:31:12,Salida,Permitido
User_025,0BE7,2026-04-11,04:57:12,Entrada,Permitido
User_012,06E9,2026-03-18,13:39:12,Entrada,Permitido
User_040,24D9,2026-03-13,11:04:12,Salida,Permitido
User_022,25C2,2026-05-04,04:25:12,Salida,Permitido
User_050,0A19,2026-04-01,15:15:12,Entrada,Denegado
User_042,0E1C,2026-05-04,14:51:12,Salida,Permitido
User_050,0A19,2026-03-25,23:48:12,Entrada,Permitido
User_038,18F9,2026-03-30,22:01:12,Salida,Permitido
User_039,2640,2026-04-29,15:22:12,Salida,Permitido
User_048,240A,2026-02-25,13:00:12,Salida,Permitido
User_048,240A,2026-04-10,11:29:12,Salida,Permitido
User_011,0A7D,2026-05-02,11:44:12,Entrada,Permitido
User_004,182F,2026-03-18,10:29:12,Entrada,Permitido
User_014,0D69,2026-02-17,12:23:12,Salida,Permitido
User_037,266E,2026-04-26,10:19:12,Entrada,Permitido
User_017,1CFC,2026-05-07,20:57:12,Salida,Permitido
User_022,25C2,2026-03-03,07:19:12,Entrada,Permitido
User_014,0D69,2026-02-20,14:42:12,Entrada,Permitido
User_039,2640,2026-02-20,10:41:12,Entrada,Permitido
User_004,182F,2026-04-06,10:04:12,Salida,Permitido
User_028,0E96,2026-03-12,13:46:12,Entrada,Denegado
User_030,161A,2026-03-14,11:51:12,Salida,Permitido
User_027,04A5,2026-03-10,09:05:12,Salida,Permitido
User_043,1F69,2026-05-10,08:21:12,Entrada,Permitido
User_025,0BE7,2026-02-14,13:15:12,Salida,Permitido
User_016,17A3,2026-04-17,08:00:12,Entrada,Permitido
User_006,1C61,2026-04-11,17:27:12,Salida,Permitido
User_024,2291,2026-04-09,11:38:12,Salida,Denegado
User_044,1C43,2026-02-25,17:50:12,Entrada,Permitido
User_038,18F9,2026-04-09,14:58:12,Salida,Permitido
User_033,08DB,2026-02-19,18:36:12,Salida,Permitido
User_007,05BA,2026-03-18,17:36:12,Salida,Permitido
User_026,0EA3,2026-03-01,17:54:12,Salida,Permitido
User_019,15B3,2026-04-04,16:07:12,Entrada,Permitido
User_037,266E,2026-03-13,10:42:12,Entrada,Permitido
User_027,04A5,2026-02-17,14:00:12,Salida,Permitido
User_047,06EF,2026-03-26,14:33:12,Entrada,Denegado
User_030,161A,2026-02-12,11:26:12,Salida,Denegado
User_021,1CE4,2026-02-23,23:21:12,Entrada,Permitido
User_008,1532,2026-03-15,12:18:12,Entrada,Permitido
User_036,131A,2026-04-06,09:54:12,Entrada,Permitido
User_014,0D69,2026-03-03,12:00:12,Entrada,Permitido
User_026,0EA3,2026-03-06,13:57:12,Entrada,Permitido
User_034,09E0,2026-02-17,17:28:12,Entrada,Permitido
User_009,19B2,2026-03-27,10:20:12,Salida,Permitido
User_030,161A,2026-04-13,12:18:12,Entrada,Permitido
User_017,1CFC,2026-02-11,20:46:12,Salida,Permitido
User_030,161A,2026-05-06,07:26:12,Entrada,Permitido
User_027,04A5,2026-02-12,14:15:12,Salida,Permitido
User_023,0DE6,2026-04-01,08:11:12,Entrada,Permitido
User_037,266E,2026-03-12,15:20:12,Salida,Permitido
User_027,04A5,2026-03-15,06:43:12,Entrada,Permitido
User_037,266E,2026-04-18,10:02:12,Salida,Permitido
User_050,0A19,2026-03-23,17:48:12,Salida,Permitido
User_038,18F9,2026-05-07,17:23:12,Salida,Permitido
User_050,0A19,2026-05-02,13:30:12,Salida,Permitido
User_008,1532,2026-03-07,14:28:12,Salida,Permitido
User_002,0744,2026-02-22,14:38:12,Salida,Permitido
User_013,1F0D,2026-04-04,16:41:12,Entrada,Permitido
User_010,246A,2026-03-16,15:33:12,Entrada,Permitido
User_046,1FA3,2026-04-26,12:39:12,Entrada,Permitido
User_014,0D69,2026-03-30,15:37:12,Salida,Permitido
User_039,2640,2026-04-19,14:24:12,Salida,Permitido
User_031,0B53,2026-03-10,13:21:12,Entrada,Permitido
User_005,1A4E,2026-05-11,11:11:12,Salida,Permitido
User_040,24D9,2026-03-10,08:57:12,Entrada,Permitido
User_040,24D9,2026-04-10,10:20:12,Salida,Permitido
User_003,18F6,2026-04-25,09:48:12,Salida,Permitido
User_009,19B2,2026-04-04,09:37:12,Salida,Permitido
User_036,131A,2026-04-16,18:00:12,Salida,Permitido
User_045,1956,2026-02-19,14:54:12,Entrada,Permitido
User_005,1A4E,2026-05-10,13:19:12,Salida,Denegado
User_011,0A7D,2026-03-29,19:03:12,Salida,Permitido
User_034,09E0,2026-04-20,17:56:12,Entrada,Permitido
User_016,17A3,2026-04-14,20:12:12,Entrada,Permitido
User_024,2291,2026-05-11,05:58:12,Salida,Permitido
User_003,18F6,2026-02-17,13:09:12,Entrada,Permitido
User_024,2291,2026-04-16,08:29:12,Salida,Permitido
User_007,05BA,2026-04-17,07:03:12,Entrada,Permitido
User_025,0BE7,2026-02-26,14:33:12,Salida,Permitido
User_004,182F,2026-04-12,11:58:12,Entrada,Permitido
User_040,24D9,2026-03-26,12:32:12,Entrada,Permitido
User_027,04A5,2026-03-13,10:20:12,Salida,Permitido
User_010,246A,2026-04-03,14:23:12,Salida,Permitido
User_011,0A7D,2026-02-18,11:06:12,Entrada,Permitido
User_026,0EA3,2026-02-21,12:21:12,Entrada,Permitido
User_004,182F,2026-04-12,11:23:12,Salida,Permitido
User_043,1F69,2026-04-17,13:26:12,Salida,Permitido
User_048,240A,2026-04-20,06:58:12,Entrada,Permitido
User_042,0E1C,2026-04-07,12:40:12,Entrada,Denegado
User_001,204E,2026-04-01,19:57:12,Entrada,Permitido
User_018,0888,2026-02-22,12:21:12,Salida,Permitido
User_038,18F9,2026-03-28,09:54:12,Entrada,Permitido
User_038,18F9,2026-02-25,13:25:12,Salida,Permitido
User_019,15B3,2026-04-20,12:24:12,Salida,Permitido
User_037,266E,2026-04-17,11:18:12,Salida,Permitido
User_031,0B53,2026-03-26,20:59:12,Entrada,Permitido
User_011,0A7D,2026-04-19,14:47:12,Entrada,Permitido
User_029,0FA5,2026-05-06,12:35:12,Entrada,Permitido
User_012,06E9,2026-02-15,12:53:12,Entrada,Permitido
User_001,204E,2026-04-07,10:14:12,Entrada,Permitido
User_005,1A4E,2026-05-11,16:27:12,Salida,Permitido
User_038,18F9,2026-02-19,12:23:12,Entrada,Permitido
User_031,0B53,2026-03-15,13:38:12,Entrada,Permitido
User_013,1F0D,2026-03-06,06:30:12,Salida,Permitido
User_050,0A19,2026-04-01,00:22:12,Entrada,Permitido
User_035,11CC,2026-04-22,06:34:12,Entrada,Permitido
User_008,1532,2026-03-30,18:59:12,Salida,Permitido
User_023,0DE6,2026-03-08,19:08:12,Salida,Permitido
User_022,25C2,2026-04-29,06:45:12,Salida,Permitido
User_037,266E,2026-03-20,10:04:12,Salida,Permitido
User_016,17A3,2026-04-03,08:12:12,Entrada,Permitido
User_001,204E,2026-03-21,12:49:12,Entrada,Permitido
User_035,11CC,2026-03-13,20:51:12,Entrada,Permitido
User_004,182F,2026-04-20,19:58:12,Salida,Permitido
User_024,2291,2026-04-14,11:06:12,Salida,Permitido
User_019,15B3,2026-05-07,17:16:12,Entrada,Permitido
User_048,240A,2026-03-05,07:06:12,Entrada,Permitido
User_022,25C2,2026-03-10,12:42:12,Salida,Permitido
User_036,131A,2026-02-17,08:34:12,Salida,Permitido
User_032,221E,2026-03-03,10:05:12,Entrada,Permitido
User_041,2141,2026-04-26,06:43:12,Entrada,Permitido
User_039,2640,2026-02-27,11:06:12,Entrada,Permitido
User_017,1CFC,2026-03-10,10:12:12,Salida,Permitido
User_013,1F0D,2026-03-29,13:42:12,Salida,Permitido
User_023,0DE6,2026-04-25,09:48:12,Salida,Permitido
User_045,1956,2026-04-19,07:57:12,Salida,Denegado
User_046,1FA3,2026-02-27,08:23:12,Entrada,Permitido
User_021,1CE4,2026-05-06,11:29:12,Entrada,Permitido
User_026,0EA3,2026-04-04,15:13:12,Entrada,Permitido
User_032,221E,2026-03-08,13:34:12,Salida,Permitido
User_042,0E1C,2026-03-31,20:20:12,Salida,Permitido
User_014,0D69,2026-02-27,13:27:12,Entrada,Permitido
User_039,2640,2026-03-13,07:23:12,Entrada,Permitido
User_038,18F9,2026-03-30,19:46:12,Entrada,Permitido
User_037,266E,2026-05-06,17:27:12,Entrada,Permitido
User_017,1CFC,2026-03-25,14:13:12,Salida,Permitido
User_025,0BE7,2026-04-20,06:35:12,Salida,Permitido
User_031,0B53,2026-03-19,05:46:12,Salida,Permitido
User_006,1C61,2026-03-12,14:12:12,Entrada,Permitido
User_033,08DB,2026-04-04,21:22:12,Salida,Permitido
User_004,182F,2026-04-28,11:18:12,Salida,Permitido
User_011,0A7D,2026-03-19,09:18:12,Salida,Denegado
User_018,0888,2026-03-27,06:44:12,Salida,Permitido
User_015,18A7,2026-03-11,07:57:12,Entrada,Permitido
User_050,0A19,2026-04-06,21:38:12,Entrada,Permitido
User_017,1CFC,2026-03-23,13:18:12,Salida,Permitido
User_042,0E1C,2026-02-18,14:01:12,Entrada,Permitido
User_043,1F69,2026-03-30,07:40:12,Entrada,Permitido
User_017,1CFC,2026-02-25,04:27:12,Entrada,Permitido
User_038,18F9,2026-05-06,16:36:12,Salida,Permitido
User_030,161A,2026-02-27,16:29:12,Salida,Permitido
User_035,11CC,2026-02-23,11:29:12,Entrada,Permitido
User_039,2640,2026-02-22,13:51:12,Salida,Permitido
User_028,0E96,2026-03-17,12:01:12,Salida,Permitido
User_024,2291,2026-04-25,13:01:12,Entrada,Permitido
User_019,15B3,2026-03-14,13:38:12,Entrada,Permitido
User_049,1038,2026-04-28,18:13:12,Entrada,Permitido
User_034,09E0,2026-04-19,14:36:12,Salida,Permitido
User_019,15B3,2026-03-22,09:06:12,Salida,Permitido
User_047,06EF,2026-03-19,09:29:12,Entrada,Permitido
User_044,1C43,2026-04-09,16:28:12,Entrada,Permitido
User_048,240A,2026-03-09,14:23:12,Entrada,Permitido
User_045,1956,2026-04-19,13:15:12,Entrada,Permitido
User_016,17A3,2026-02-17,13:48:12,Salida,Permitido
User_049,1038,2026-02-22,16:08:12,Salida,Permitido
User_013,1F0D,2026-03-13,07:42:12,Entrada,Permitido
User_010,246A,2026-05-04,13:46:12,Salida,Permitido
User_005,1A4E,2026-03-26,09:01:12,Salida,Permitido
User_027,04A5,2026-03-31,18:02:12,Salida,Permitido
User_044,1C43,2026-02-14,16:55:12,Salida,Permitido
User_034,09E0,2026-03-11,12:20:12,Salida,Permitido
User_038,18F9,2026-03-19,13:31:12,Entrada,Permitido
User_033,08DB,2026-03-03,15:28:12,Salida,Permitido
User_027,04A5,2026-02-22,16:06:12,Salida,Permitido
User_027,04A5,2026-04-06,14:28:12,Salida,Permitido
User_008,1532,2026-04-12,15:25:12,Entrada,Permitido
User_041,2141,2026-05-08,08:51:12,Entrada,Permitido
User_001,204E,2026-05-10,08:25:12,Salida,Permitido
User_032,221E,2026-04-13,09:05:12,Entrada,Permitido
User_041,2141,2026-04-10,13:35:12,Entrada,Permitido
User_041,2141,2026-03-01,11:52:12,Salida,Permitido
User_019,15B3,2026-02-26,15:13:12,Entrada,Permitido
User_015,18A7,2026-04-01,09:52:12,Entrada,Permitido
User_041,2141,2026-04-26,15:10:12,Salida,Permitido
User_026,0EA3,2026-03-13,18:46:12,Entrada,Permitido
User_008,1532,2026-03-03,11:58:12,Salida,Permitido
User_048,240A,2026-03-19,13:51:12,Salida,Permitido
User_011,0A7D,2026-04-26,12:30:12,Entrada,Permitido
User_026,0EA3,2026-05-08,08:41:12,Entrada,Permitido
User_025,0BE7,2026-03-04,14:18:12,Salida,Permitido
User_040,24D9,2026-02-24,13:40:12,Entrada,Permitido
User_047,06EF,2026-02-14,13:25:12,Salida,Permitido
User_001,204E,2026-03-01,11:08:12,Salida,Permitido
User_035,11CC,2026-05-08,08:49:12,Salida,Permitido
User_036,131A,2026-03-07,08:41:12,Entrada,Permitido
User_037,266E,2026-02-18,20:41:12,Entrada,Permitido
User_035,11CC,2026-03-21,12:35:12,Salida,Permitido
User_041,2141,2026-03-29,12:40:12,Entrada,Permitido
User_008,1532,2026-04-11,17:08:12,Entrada,Permitido
User_010,246A,2026-02-20,17:05:12,Entrada,Permitido
User_023,0DE6,2026-04-06,12:16:12,Salida,Permitido
User_050,0A19,2026-02-22,08:53:12,Entrada,Permitido
User_025,0BE7,2026-02-26,15:19:12,Entrada,Denegado
User_011,0A7D,2026-04-12,18:53:12,Salida,Permitido
User_045,1956,2026-03-15,09:32:12,Entrada,Permitido
User_002,0744,2026-04-08,17:34:12,Salida,Permitido
User_031,0B53,2026-04-29,12:21:12,Entrada,Permitido
User_003,18F6,2026-02-12,15:39:12,Entrada,Permitido
User_003,18F6,2026-03-23,14:53:12,Entrada,Permitido
User_045,1956,2026-05-08,11:58:12,Salida,Permitido
User_034,09E0,2026-04-01,13:53:12,Salida,Denegado
User_019,15B3,2026-04-27,16:30:12,Salida,Permitido
User_011,0A7D,2026-04-10,10:32:12,Entrada,Permitido
User_007,05BA,2026-03-26,11:01:12,Entrada,Permitido
User_027,04A5,2026-04-11,16:19:12,Salida,Permitido
User_006,1C61,2026-03-18,07:33:12,Salida,Permitido
User_032,221E,2026-05-02,11:34:12,Salida,Permitido
User_026,0EA3,2026-05-11,15:07:12,Salida,Permitido
User_025,0BE7,2026-04-09,14:21:12,Salida,Permitido
User_032,221E,2026-05-06,14:02:12,Entrada,Permitido
User_025,0BE7,2026-03-10,06:39:12,Entrada,Permitido
User_025,0BE7,2026-03-23,15:23:12,Salida,Permitido
User_018,0888,2026-05-11,11:17:12,Entrada,Permitido
User_046,1FA3,2026-02-12,07:02:12,Entrada,Permitido
User_036,131A,2026-02-17,17:07:12,Salida,Denegado
User_010,246A,2026-05-01,17:59:12,Entrada,Permitido
User_049,1038,2026-02-28,20:02:12,Salida,Permitido
User_027,04A5,2026-05-10,11:04:12,Salida,Permitido
User_011,0A7D,2026-04-17,06:31:12,Entrada,Permitido
User_022,25C2,2026-03-06,08:54:12,Salida,Permitido
User_041,2141,2026-05-05,09:19:12,Salida,Permitido
User_047,06EF,2026-04-14,13:23:12,Salida,Permitido
User_047,06EF,2026-04-11,07:14:12,Entrada,Permitido
User_049,1038,2026-04-14,14:09:12,Salida,Permitido
User_013,1F0D,2026-03-14,22:47:12,Salida,Permitido
User_037,266E,2026-03-13,15:13:12,Entrada,Permitido
User_001,204E,2026-05-06,08:14:12,Entrada,Permitido
User_009,19B2,2026-03-12,10:19:12,Entrada,Permitido
User_047,06EF,2026-02-11,12:57:12,Salida,Permitido
User_042,0E1C,2026-04-15,07:57:12,Entrada,Permitido
User_009,19B2,2026-04-06,09:38:12,Salida,Permitido
User_004,182F,2026-05-07,15:20:12,Salida,Permitido
User_039,2640,2026-04-09,12:25:12,Entrada,Permitido
User_038,18F9,2026-04-06,13:09:12,Entrada,Permitido
User_032,221E,2026-03-11,09:34:12,Salida,Permitido
User_018,0888,2026-02-16,05:47:12,Entrada,Permitido
User_010,246A,2026-03-21,15:57:12,Salida,Permitido
User_043,1F69,2026-02-13,15:25:12,Salida,Permitido
User_047,06EF,2026-04-27,11:27:12,Salida,Permitido
User_029,0FA5,2026-02-15,14:19:12,Salida,Permitido
User_020,1121,2026-02-26,12:52:12,Salida,Permitido
User_022,25C2,2026-03-10,16:49:12,Salida,Permitido
User_046,1FA3,2026-03-22,09:57:12,Salida,Permitido
User_012,06E9,2026-02-24,14:53:12,Salida,Permitido
User_024,2291,2026-03-15,18:56:12,Salida,Permitido
User_031,0B53,2026-04-08,14:19:12,Salida,Permitido
User_020,1121,2026-04-09,10:15:12,Salida,Permitido
User_036,131A,2026-03-05,10:27:12,Salida,Permitido
User_024,2291,2026-02-11,09:12:12,Entrada,Permitido
User_011,0A7D,2026-02-28,14:07:12,Salida,Permitido
User_025,0BE7,2026-04-02,14:11:12,Entrada,Permitido
User_038,18F9,2026-04-17,18:04:12,Salida,Permitido
User_037,266E,2026-03-31,12:59:12,Salida,Permitido
User_004,182F,2026-03-15,15:24:12,Salida,Permitido
User_035,11CC,2026-03-21,11:21:12,Salida,Permitido
User_023,0DE6,2026-03-16,08:27:12,Salida,Permitido
User_048,240A,2026-04-11,12:25:12,Salida,Permitido
User_016,17A3,2026-03-26,15:18:12,Entrada,Permitido
User_009,19B2,2026-04-21,15:55:12,Salida,Denegado
User_033,08DB,2026-03-14,12:34:12,Entrada,Permitido
User_041,2141,2026-03-19,10:20:12,Salida,Denegado
User_042,0E1C,2026-05-01,15:42:12,Salida,Denegado
User_043,1F69,2026-03-01,15:11:12,Entrada,Denegado
User_025,0BE7,2026-04-14,12:42:12,Salida,Denegado
User_030,161A,2026-03-18,14:01:12,Entrada,Permitido
User_050,0A19,2026-03-18,11:49:12,Entrada,Permitido
User_024,2291,2026-04-01,07:48:12,Salida,Permitido
User_001,204E,2026-05-02,09:18:12,Entrada,Permitido
User_029,0FA5,2026-03-03,19:18:12,Entrada,Permitido
User_014,0D69,2026-04-25,13:21:12,Entrada,Permitido
User_044,1C43,2026-04-10,10:43:12,Entrada,Permitido
User_001,204E,2026-02-23,14:06:12,Salida,Permitido
User_002,0744,2026-03-04,12:33:12,Entrada,Permitido
User_045,1956,2026-02-24,10:58:12,Entrada,Permitido
User_027,04A5,2026-02-20,08:36:12,Entrada,Permitido
User_037,266E,2026-02-19,17:31:12,Entrada,Permitido
User_048,240A,2026-04-06,13:38:12,Salida,Permitido
User_048,240A,2026-02-14,12:32:12,Salida,Permitido
User_043,1F69,2026-04-30,13:46:12,Entrada,Permitido
User_038,18F9,2026-04-29,10:33:12,Salida,Permitido
User_017,1CFC,2026-04-16,17:20:12,Entrada,Denegado
User_030,161A,2026-03-13,13:10:12,Entrada,Permitido
User_026,0EA3,2026-03-08,01:56:12,Entrada,Permitido
User_023,0DE6,2026-03-17,15:22:12,Entrada,Permitido
User_013,1F0D,2026-04-08,17:11:12,Salida,Permitido
User_013,1F0D,2026-05-05,11:40:12,Entrada,Permitido
User_042,0E1C,2026-03-01,10:49:12,Entrada,Permitido
User_032,221E,2026-03-28,15:45:12,Salida,Permitido
User_014,0D69,2026-04-12,15:58:12,Salida,Permitido
User_023,0DE6,2026-03-10,13:18:12,Salida,Permitido
User_004,182F,2026-04-09,07:39:12,Salida,Permitido
User_004,182F,2026-04-26,12:37:12,Entrada,Permitido
User_005,1A4E,2026-04-22,13:36:12,Salida,Permitido
User_012,06E9,2026-04-09,14:10:12,Entrada,Permitido
User_001,204E,2026-04-01,14:15:12,Entrada,Permitido
User_038,18F9,2026-03-25,16:36:12,Salida,Permitido
User_001,204E,2026-04-26,13:13:12,Entrada,Permitido
User_046,1FA3,2026-04-28,11:46:12,Entrada,Permitido
User_045,1956,2026-04-28,19:05:12,Entrada,Denegado
User_008,1532,2026-02-18,12:50:12,Salida,Permitido
User_045,1956,2026-04-19,05:41:12,Salida,Permitido
User_003,18F6,2026-03-04,14:45:12,Entrada,Permitido
User_013,1F0D,2026-04-22,15:21:12,Entrada,Permitido
User_022,25C2,2026-05-05,09:39:12,Entrada,Permitido
User_014,0D69,2026-05-07,18:48:12,Salida,Permitido
User_015,18A7,2026-04-02,09:21:12,Salida,Permitido
User_049,1038,2026-04-02,10:56:12,Entrada,Permitido
User_040,24D9,2026-02-28,14:12:12,Entrada,Permitido
User_009,19B2,2026-05-07,09:07:12,Entrada,Permitido
User_047,06EF,2026-02-13,13:23:12,Entrada,Permitido
User_048,240A,2026-03-08,18:25:12,Entrada,Denegado
User_008,1532,2026-03-31,11:11:12,Salida,Permitido
User_015,18A7,2026-04-13,04:29:12,Salida,Permitido
User_043,1F69,2026-03-26,11:26:12,Entrada,Permitido
User_048,240A,2026-02-25,13:38:12,Salida,Permitido
User_018,0888,2026-03-07,14:48:12,Entrada,Permitido
User_015,18A7,2026-05-03,15:49:12,Entrada,Permitido
User_048,240A,2026-03-18,11:49:12,Entrada,Permitido
User_014,0D69,2026-03-12,21:57:12,Entrada,Permitido
User_037,266E,2026-02-14,06:04:12,Salida,Permitido
User_028,0E96,2026-02-25,12:47:12,Salida,Permitido
User_015,18A7,2026-04-25,16:02:12,Entrada,Permitido
User_040,24D9,2026-04-02,06:48:12,Entrada,Permitido
User_010,246A,2026-03-12,17:20:12,Salida,Permitido
User_021,1CE4,2026-05-05,10:17:12,Salida,Permitido
User_012,06E9,2026-03-23,13:12:12,Salida,Permitido
User_047,06EF,2026-04-28,07:01:12,Salida,Permitido
User_007,05BA,2026-04-08,15:55:12,Entrada,Permitido
User_020,1121,2026-04-24,12:45:12,Entrada,Permitido
User_015,18A7,2026-02-27,17:00:12,Salida,Permitido
User_004,182F,2026-05-06,11:07:12,Entrada,Permitido
User_004,182F,2026-03-19,17:23:12,Entrada,Permitido
User_001,204E,2026-04-09,08:43:12,Salida,Permitido
User_046,1FA3,2026-05-07,14:43:12,Entrada,Permitido
User_001,204E,2026-02-24,16:58:12,Salida,Permitido
User_027,04A5,2026-02-26,11:36:12,Entrada,Permitido
User_041,2141,2026-04-29,14:36:12,Salida,Permitido
User_012,06E9,2026-04-18,12:48:12,Salida,Permitido
User_007,05BA,2026-05-01,07:43:12,Salida,Permitido
User_011,0A7D,2026-03-02,08:15:12,Entrada,Permitido
User_036,131A,2026-04-22,16:44:12,Entrada,Permitido
User_040,24D9,2026-05-10,20:13:12,Salida,Permitido
User_016,17A3,2026-02-21,18:11:12,Entrada,Permitido
User_005,1A4E,2026-04-15,15:16:12,Salida,Permitido
User_046,1FA3,2026-04-07,15:13:12,Salida,Permitido
User_005,1A4E,2026-03-28,14:23:12,Salida,Permitido
User_033,08DB,2026-05-07,22:23:12,Entrada,Permitido
User_036,131A,2026-03-08,16:25:12,Entrada,Permitido
User_012,06E9,2026-04-14,12:35:12,Salida,Permitido
User_045,1956,2026-03-24,09:39:12,Salida,Permitido
User_005,1A4E,2026-02-15,20:48:12,Entrada,Permitido
User_041,2141,2026-02-19,13:45:12,Entrada,Permitido
User_018,0888,2026-03-15,19:05:12,Salida,Permitido
User_048,240A,2026-05-08,06:43:12,Entrada,Permitido
User_030,161A,2026-02-20,08:34:12,Salida,Permitido
User_005,1A4E,2026-04-15,18:11:12,Salida,Permitido
User_002,0744,2026-02-26,06:25:12,Entrada,Permitido
User_035,11CC,2026-02-27,18:08:12,Salida,Denegado
User_038,18F9,2026-03-31,10:32:12,Entrada,Permitido
User_029,0FA5,2026-03-09,17:52:12,Salida,Permitido
User_004,182F,2026-04-20,11:18:12,Entrada,Permitido
User_028,0E96,2026-02-12,07:33:12,Entrada,Permitido
User_041,2141,2026-03-24,13:22:12,Salida,Denegado
User_044,1C43,2026-03-20,10:18:12,Salida,Permitido
User_022,25C2,2026-03-09,18:52:12,Entrada,Permitido
User_015,18A7,2026-04-17,13:54:12,Salida,Permitido
User_023,0DE6,2026-05-02,18:09:12,Salida,Permitido
User_042,0E1C,2026-04-15,09:59:12,Entrada,Permitido
User_025,0BE7,2026-04-20,19:32:12,Entrada,Permitido
User_021,1CE4,2026-04-19,15:20:12,Salida,Permitido
User_009,19B2,2026-04-21,18:38:12,Salida,Permitido
User_024,2291,2026-04-24,15:40:12,Salida,Permitido
User_048,240A,2026-04-30,11:04:12,Entrada,Permitido
User_024,2291,2026-03-19,15:55:12,Entrada,Permitido
User_004,182F,2026-02-28,16:31:12,Entrada,Permitido
User_002,0744,2026-05-11,14:16:12,Salida,Permitido
User_048,240A,2026-05-11,14:10:12,Salida,Permitido
User_032,221E,2026-04-03,07:31:12,Salida,Permitido
User_007,05BA,2026-03-29,15:05:12,Entrada,Permitido
User_007,05BA,2026-05-04,05:13:12,Salida,Permitido
User_043,1F69,2026-04-20,12:17:12,Entrada,Permitido
User_036,131A,2026-04-22,08:17:12,Salida,Permitido
User_018,0888,2026-04-30,14:14:12,Salida,Permitido
User_019,15B3,2026-02-19,12:38:12,Entrada,Permitido
User_048,240A,2026-04-22,13:31:12,Salida,Permitido
User_036,131A,2026-03-01,20:35:12,Entrada,Permitido
User_028,0E96,2026-04-06,15:26:12,Salida,Permitido
User_023,0DE6,2026-04-17,07:13:12,Salida,Permitido
User_008,1532,2026-03-16,12:16:12,Entrada,Permitido
User_028,0E96,2026-02-26,15:51:12,Entrada,Permitido
User_041,2141,2026-04-03,11:42:12,Entrada,Permitido
User_034,09E0,2026-03-30,09:56:12,Entrada,Permitido
User_047,06EF,2026-03-03,21:52:12,Salida,Permitido
User_003,18F6,2026-04-22,12:54:12,Salida,Permitido
User_018,0888,2026-02-23,12:54:12,Entrada,Permitido
User_013,1F0D,2026-04-02,17:39:12,Salida,Permitido
User_026,0EA3,2026-02-24,16:35:12,Salida,Permitido
User_018,0888,2026-02-24,14:14:12,Salida,Permitido
User_018,0888,2026-04-25,11:07:12,Salida,Permitido
User_032,221E,2026-05-02,08:48:12,Salida,Permitido
User_048,240A,2026-03-06,12:34:12,Salida,Permitido
User_002,0744,2026-02-28,10:04:12,Salida,Permitido
User_041,2141,2026-04-22,07:02:12,Entrada,Permitido
User_011,0A7D,2026-03-04,11:53:12,Salida,Permitido
User_011,0A7D,2026-05-06,12:08:12,Entrada,Permitido
User_009,19B2,2026-03-17,15:17:12,Salida,Permitido
User_011,0A7D,2026-04-12,11:09:12,Salida,Permitido
User_011,0A7D,2026-02-22,14:15:12,Entrada,Permitido
User_008,1532,2026-03-04,20:02:12,Salida,Permitido
User_033,08DB,2026-03-11,22:10:12,Entrada,Permitido
User_019,15B3,2026-03-19,17:25:12,Salida,Permitido
User_024,2291,2026-05-11,10:30:12,Entrada,Permitido
User_003,18F6,2026-02-23,19:10:12,Entrada,Permitido
User_014,0D69,2026-04-23,09:43:12,Entrada,Permitido
User_048,240A,2026-02-24,05:27:12,Salida,Permitido
User_011,0A7D,2026-02-21,13:44:12,Salida,Permitido
User_010,246A,2026-04-17,11:21:12,Salida,Permitido
User_008,1532,2026-03-28,15:52:12,Salida,Permitido
User_014,0D69,2026-04-04,10:59:12,Salida,Permitido
User_023,0DE6,2026-05-06,13:24:12,Salida,Permitido
User_036,131A,2026-02-26,16:37:12,Salida,Permitido
User_033,08DB,2026-03-28,11:58:12,Entrada,Permitido
User_037,266E,2026-02-24,09:50:12,Entrada,Permitido
User_033,08DB,2026-03-18,11:59:12,Salida,Permitido
User_010,246A,2026-04-19,13:55:12,Entrada,Permitido
User_040,24D9,2026-05-08,15:09:12,Entrada,Permitido
User_003,18F6,2026-03-06,11:04:12,Salida,Permitido
User_030,161A,2026-03-24,14:31:12,Salida,Permitido
User_025,0BE7,2026-03-23,15:52:12,Salida,Permitido
User_019,15B3,2026-04-25,12:44:12,Salida,Permitido
User_036,131A,2026-03-21,16:17:12,Salida,Permitido
User_022,25C2,2026-02-13,04:42:12,Salida,Permitido
User_009,19B2,2026-03-04,16:30:12,Salida,Permitido
User_021,1CE4,2026-02-27,14:47:12,Entrada,Permitido
User_041,2141,2026-03-12,14:34:12,Salida,Permitido
User_008,1532,2026-04-25,13:40:12,Salida,Permitido
User_034,09E0,2026-03-26,10:06:12,Salida,Permitido
User_035,11CC,2026-04-10,17:17:12,Salida,Permitido
User_041,2141,2026-03-13,09:47:12,Entrada,Permitido
User_045,1956,2026-05-08,11:32:12,Salida,Permitido
User_006,1C61,2026-03-02,07:58:12,Entrada,Permitido
User_023,0DE6,2026-04-30,14:22:12,Entrada,Permitido
User_031,0B53,2026-03-30,17:10:12,Entrada,Permitido
User_048,240A,2026-03-10,11:24:12,Salida,Permitido
User_014,0D69,2026-04-26,14:45:12,Entrada,Permitido
User_046,1FA3,2026-03-07,16:51:12,Entrada,Permitido
User_032,221E,2026-03-02,04:04:12,Entrada,Permitido
User_003,18F6,2026-04-28,15:41:12,Salida,Permitido
User_004,182F,2026-04-24,11:32:12,Entrada,Permitido
User_050,0A19,2026-04-19,14:45:12,Entrada,Denegado
User_028,0E96,2026-05-11,13:21:12,Salida,Permitido
User_017,1CFC,2026-04-16,14:00:12,Salida,Permitido
User_036,131A,2026-03-03,09:07:12,Salida,Permitido
User_012,06E9,2026-02-28,15:55:12,Salida,Permitido
User_040,24D9,2026-04-02,17:04:12,Salida,Permitido
User_043,1F69,2026-03-13,14:28:12,Entrada,Permitido
User_033,08DB,2026-02-14,11:20:12,Salida,Permitido
User_045,1956,2026-02-25,10:42:12,Entrada,Permitido
User_023,0DE6,2026-04-27,09:19:12,Salida,Permitido
User_017,1CFC,2026-04-05,12:22:12,Salida,Permitido
User_026,0EA3,2026-04-21,13:02:12,Salida,Permitido
User_028,0E96,2026-05-01,02:35:12,Entrada,Permitido
User_002,0744,2026-05-04,23:39:12,Salida,Permitido
User_050,0A19,2026-03-17,17:15:12,Salida,Permitido
User_048,240A,2026-05-07,14:51:12,Entrada,Permitido
User_049,1038,2026-03-07,17:01:12,Salida,Denegado
User_020,1121,2026-03-09,06:11:12,Entrada,Permitido
User_029,0FA5,2026-03-30,18:18:12,Salida,Permitido
User_030,161A,2026-04-28,19:29:12,Entrada,Permitido
User_035,11CC,2026-02-27,13:47:12,Salida,Permitido
User_040,24D9,2026-02-26,13:44:12,Entrada,Denegado
User_034,09E0,2026-04-17,13:02:12,Salida,Permitido
User_040,24D9,2026-02-16,17:23:12,Salida,Permitido
User_042,0E1C,2026-03-04,21:01:12,Entrada,Permitido
User_041,2141,2026-04-19,16:10:12,Salida,Permitido
User_039,2640,2026-05-11,12:13:12,Entrada,Permitido
User_023,0DE6,2026-04-28,18:32:12,Salida,Permitido
User_049,1038,2026-04-28,13:54:12,Entrada,Permitido
User_012,06E9,2026-04-20,10:44:12,Entrada,Permitido
User_035,11CC,2026-04-12,16:21:12,Salida,Permitido
User_005,1A4E,2026-03-06,13:30:12,Entrada,Permitido
User_026,0EA3,2026-03-07,07:42:12,Salida,Permitido
User_037,266E,2026-05-04,15:25:12,Salida,Permitido
User_002,0744,2026-03-04,17:28:12,Entrada,Permitido
User_030,161A,2026-02-26,18:51:12,Entrada,Denegado
User_004,182F,2026-04-09,16:54:12,Entrada,Permitido
User_048,240A,2026-04-11,04:41:12,Entrada,Permitido
User_035,11CC,2026-04-11,19:59:12,Salida,Permitido
User_033,08DB,2026-03-18,17:24:12,Entrada,Permitido
User_013,1F0D,2026-05-09,16:41:12,Entrada,Permitido
User_024,2291,2026-03-21,07:36:12,Salida,Permitido
User_041,2141,2026-03-31,09:50:12,Salida,Permitido
User_003,18F6,2026-02-11,05:41:12,Salida,Permitido
User_011,0A7D,2026-03-24,18:47:12,Salida,Permitido
User_028,0E96,2026-03-27,10:19:12,Salida,Permitido
User_047,06EF,2026-03-07,10:34:12,Entrada,Permitido
User_029,0FA5,2026-03-23,15:31:12,Entrada,Permitido
User_013,1F0D,2026-02-18,10:52:12,Salida,Permitido
User_041,2141,2026-04-11,19:05:12,Salida,Permitido
User_035,11CC,2026-04-19,10:27:12,Entrada,Permitido
User_044,1C43,2026-05-09,14:03:12,Entrada,Permitido
User_015,18A7,2026-04-13,11:13:12,Entrada,Permitido
User_020,1121,2026-04-15,12:52:12,Salida,Permitido
User_025,0BE7,2026-05-03,11:57:12,Salida,Permitido
User_023,0DE6,2026-02-20,10:28:12,Entrada,Permitido
User_007,05BA,2026-04-27,11:37:12,Salida,Permitido
User_001,204E,2026-02-13,19:04:12,Entrada,Permitido
User_013,1F0D,2026-05-03,10:36:12,Entrada,Permitido
User_004,182F,2026-03-17,17:00:12,Salida,Permitido
User_001,204E,2026-04-19,11:42:12,Salida,Permitido
User_019,15B3,2026-03-12,15:12:12,Entrada,Permitido
User_021,1CE4,2026-03-04,16:32:12,Entrada,Permitido
User_029,0FA5,2026-04-11,19:39:12,Salida,Permitido
User_021,1CE4,2026-03-16,10:55:12,Entrada,Permitido
User_037,266E,2026-05-05,18:03:12,Salida,Permitido
User_024,2291,2026-05-01,10:34:12,Entrada,Permitido
User_033,08DB,2026-05-02,13:03:12,Entrada,Permitido
User_003,18F6,2026-04-05,09:31:12,Salida,Permitido
User_021,1CE4,2026-04-11,19:49:12,Entrada,Permitido
User_029,0FA5,2026-03-21,13:15:12,Entrada,Permitido
User_004,182F,2026-04-23,12:59:12,Salida,Permitido
User_044,1C43,2026-04-18,07:56:12,Entrada,Permitido
User_050,0A19,2026-03-23,16:40:12,Entrada,Permitido
User_050,0A19,2026-04-29,05:12:12,Entrada,Permitido
User_037,266E,2026-05-05,08:17:12,Salida,Permitido
User_027,04A5,2026-04-04,17:26:12,Salida,Permitido
User_011,0A7D,2026-02-22,15:58:12,Salida,Permitido
User_027,04A5,2026-03-31,20:54:12,Entrada,Permitido
User_021,1CE4,2026-03-17,10:04:12,Entrada,Denegado
User_025,0BE7,2026-03-06,17:53:12,Salida,Denegado
User_041,2141,2026-03-23,16:47:12,Entrada,Permitido
User_039,2640,2026-04-26,17:29:12,Entrada,Permitido
User_036,131A,2026-02-27,19:00:12,Salida,Permitido
User_045,1956,2026-03-17,13:22:12,Entrada,Permitido
User_041,2141,2026-03-02,11:18:12,Entrada,Permitido
User_045,1956,2026-03-27,10:00:12,Salida,Permitido
User_034,09E0,2026-04-29,13:06:12,Entrada,Permitido
User_011,0A7D,2026-03-31,17:26:12,Entrada,Permitido
User_024,2291,2026-03-11,17:11:12,Entrada,Permitido
User_050,0A19,2026-03-29,08:28:12,Salida,Permitido
User_022,25C2,2026-02-19,18:43:12,Salida,Permitido
User_006,1C61,2026-03-31,13:12:12,Salida,Permitido
User_014,0D69,2026-04-07,16:48:12,Salida,Permitido
User_036,131A,2026-04-03,15:50:12,Entrada,Permitido
User_038,18F9,2026-03-02,08:00:12,Salida,Permitido
User_033,08DB,2026-04-10,14:59:12,Entrada,Permitido
User_014,0D69,2026-04-24,14:04:12,Entrada,Permitido
User_035,11CC,2026-03-22,00:12:12,Entrada,Permitido
User_001,204E,2026-04-06,10:56:12,Entrada,Permitido
User_035,11CC,2026-03-14,09:39:12,Entrada,Permitido
User_042,0E1C,2026-02-25,16:49:12,Entrada,Permitido
User_026,0EA3,2026-04-20,15:32:12,Entrada,Permitido
User_036,131A,2026-05-05,14:48:12,Salida,Denegado
User_003,18F6,2026-03-19,20:32:12,Salida,Permitido
User_042,0E1C,2026-02-11,09:34:12,Entrada,Denegado
User_025,0BE7,2026-02-17,14:58:12,Entrada,Permitido
User_009,19B2,2026-02-13,18:49:12,Entrada,Permitido
User_044,1C43,2026-03-14,18:10:12,Salida,Permitido
User_006,1C61,2026-04-09,12:26:12,Entrada,Permitido
User_034,09E0,2026-03-12,15:09:12,Entrada,Permitido
User_002,0744,2026-02-11,12:08:12,Entrada,Permitido
User_030,161A,2026-04-10,15:40:12,Entrada,Permitido
User_033,08DB,2026-04-20,09:56:12,Salida,Permitido
User_015,18A7,2026-03-21,12:29:12,Entrada,Permitido
User_048,240A,2026-03-01,12:20:12,Entrada,Permitido
User_002,0744,2026-02-27,11:14:12,Entrada,Permitido
User_042,0E1C,2026-02-20,14:03:12,Entrada,Permitido
User_017,1CFC,2026-05-10,11:24:12,Salida,Permitido
User_021,1CE4,2026-05-01,09:50:12,Salida,Permitido
User_022,25C2,2026-04-21,15:08:12,Salida,Permitido
User_020,1121,2026-04-19,17:31:12,Salida,Permitido
User_047,06EF,2026-03-25,12:54:12,Salida,Permitido
User_037,266E,2026-04-28,10:53:12,Entrada,Permitido
User_024,2291,2026-03-26,13:49:12,Salida,Permitido
User_006,1C61,2026-02-19,12:12:12,Salida,Permitido
User_027,04A5,2026-02-19,02:34:12,Entrada,Permitido
User_030,161A,2026-03-01,13:49:12,Entrada,Permitido
User_034,09E0,2026-04-17,14:43:12,Salida,Permitido
User_018,0888,2026-03-09,08:22:12,Entrada,Permitido
User_031,0B53,2026-04-08,13:29:12,Entrada,Permitido
User_021,1CE4,2026-04-08,09:44:12,Entrada,Permitido
User_030,161A,2026-03-10,09:04:12,Entrada,Permitido
User_027,04A5,2026-05-04,14:24:12,Entrada,Permitido
User_015,18A7,2026-03-03,18:30:12,Entrada,Permitido
User_027,04A5,2026-02-22,13:13:12,Entrada,Permitido
User_001,204E,2026-04-03,12:36:12,Salida,Permitido
User_041,2141,2026-03-06,16:50:12,Entrada,Permitido
User_042,0E1C,2026-03-14,08:35:12,Entrada,Permitido
User_042,0E1C,2026-03-23,17:08:12,Entrada,Permitido
User_044,1C43,2026-05-02,17:46:12,Entrada,Permitido
User_038,18F9,2026-03-08,13:09:12,Entrada,Permitido
User_028,0E96,2026-02-17,12:48:12,Entrada,Permitido
User_023,0DE6,2026-02-16,15:47:12,Salida,Permitido
User_016,17A3,2026-04-06,16:43:12,Entrada,Permitido
User_022,25C2,2026-04-12,09:55:12,Entrada,Permitido
User_024,2291,2026-03-29,05:25:12,Salida,Permitido
User_021,1CE4,2026-02-25,09:07:12,Salida,Permitido
User_020,1121,2026-02-11,14:34:12,Salida,Permitido
User_009,19B2,2026-04-28,12:03:12,Entrada,Permitido
User_013,1F0D,2026-02-27,20:07:12,Entrada,Permitido
User_034,09E0,2026-04-12,16:34:12,Entrada,Permitido
User_044,1C43,2026-03-10,15:08:12,Salida,Permitido
User_018,0888,2026-02-23,20:40:12,Entrada,Permitido
User_045,1956,2026-03-28,10:12:12,Salida,Permitido
User_024,2291,2026-04-24,17:46:12,Entrada,Permitido
User_035,11CC,2026-03-28,19:53:12,Entrada,Permitido
User_036,131A,2026-03-01,12:33:12,Salida,Permitido
User_048,240A,2026-03-01,18:07:12,Entrada,Permitido
User_024,2291,2026-04-29,09:02:12,Entrada,Permitido
User_012,06E9,2026-04-03,08:10:12,Entrada,Denegado
User_049,1038,2026-04-04,15:20:12,Salida,Permitido
User_021,1CE4,2026-04-14,07:33:12,Salida,Permitido
User_030,161A,2026-04-14,05:44:12,Entrada,Permitido
User_001,204E,2026-03-18,22:03:12,Salida,Permitido
User_038,18F9,2026-03-07,17:26:12,Entrada,Permitido
User_013,1F0D,2026-03-20,10:55:12,Entrada,Permitido
User_026,0EA3,2026-03-22,07:43:12,Salida,Permitido
User_034,09E0,2026-05-07,11:32:12,Entrada,Permitido
User_049,1038,2026-05-06,12:00:12,Salida,Permitido
User_022,25C2,2026-05-03,21:21:12,Salida,Permitido
User_017,1CFC,2026-05-08,08:36:12,Salida,Permitido
User_011,0A7D,2026-03-05,05:44:12,Entrada,Permitido
User_018,0888,2026-04-14,12:25:12,Salida,Permitido
User_036,131A,2026-05-04,04:08:12,Salida,Permitido
User_005,1A4E,2026-04-07,06:33:12,Salida,Permitido
User_003,18F6,2026-03-10,01:55:12,Salida,Permitido
User_033,08DB,2026-05-06,18:12:12,Entrada,Denegado
User_006,1C61,2026-03-25,06:32:12,Entrada,Permitido
User_037,266E,2026-05-05,14:03:12,Salida,Permitido
User_033,08DB,2026-04-04,16:55:12,Salida,Permitido
User_029,0FA5,2026-05-04,13:36:12,Entrada,Permitido
User_032,221E,2026-03-09,11:19:12,Entrada,Permitido
User_009,19B2,2026-02-23,07:29:12,Salida,Permitido
User_031,0B53,2026-03-24,18:20:12,Entrada,Permitido
User_040,24D9,2026-05-10,00:52:12,Entrada,Denegado
User_017,1CFC,2026-04-21,09:08:12,Salida,Permitido
User_024,2291,2026-02-16,21:18:12,Entrada,Permitido
User_034,09E0,2026-03-17,11:11:12,Entrada,Permitido
User_046,1FA3,2026-05-08,15:15:12,Salida,Permitido
User_009,19B2,2026-03-22,17:26:12,Salida,Permitido
User_005,1A4E,2026-03-22,14:29:12,Salida,Denegado
User_046,1FA3,2026-05-11,16:31:12,Salida,Permitido
User_023,0DE6,2026-04-02,20:36:12,Entrada,Permitido
User_003,18F6,2026-05-04,10:57:12,Entrada,Permitido
User_008,1532,2026-04-10,14:08:12,Salida,Permitido
User_046,1FA3,2026-04-22,14:49:12,Salida,Permitido
User_012,06E9,2026-04-14,15:50:12,Entrada,Permitido
User_043,1F69,2026-02-24,09:34:12,Entrada,Permitido
User_016,17A3,2026-04-15,05:48:12,Salida,Permitido
User_028,0E96,2026-02-19,11:07:12,Entrada,Permitido
User_017,1CFC,2026-04-02,09:43:12,Entrada,Permitido
User_030,161A,2026-03-08,10:22:12,Entrada,Permitido
User_050,0A19,2026-03-27,15:34:12,Entrada,Permitido
User_032,221E,2026-03-04,16:31:12,Salida,Permitido
User_032,221E,2026-03-12,18:38:12,Salida,Permitido
User_044,1C43,2026-05-09,20:27:12,Entrada,Permitido
User_041,2141,2026-03-13,09:00:12,Salida,Permitido
User_029,0FA5,2026-03-10,08:30:12,Salida,Permitido
User_025,0BE7,2026-03-20,20:08:12,Salida,Permitido
User_002,0744,2026-02-15,09:49:12,Entrada,Permitido
User_036,131A,2026-03-28,21:40:12,Salida,Permitido
User_021,1CE4,2026-03-03,12:51:12,Salida,Permitido
User_023,0DE6,2026-03-13,09:48:12,Entrada,Permitido
User_034,09E0,2026-03-11,11:58:12,Salida,Permitido
User_020,1121,2026-03-26,21:04:12,Entrada,Permitido
User_042,0E1C,2026-03-17,07:41:12,Salida,Permitido
User_038,18F9,2026-04-01,11:24:12,Entrada,Permitido
User_001,204E,2026-05-09,15:40:12,Entrada,Permitido
User_033,08DB,2026-02-15,17:00:12,Entrada,Permitido
User_013,1F0D,2026-03-07,15:01:12,Salida,Permitido
User_001,204E,2026-04-11,06:14:12,Salida,Permitido
User_047,06EF,2026-03-30,10:08:12,Entrada,Permitido
User_030,161A,2026-04-14,07:46:12,Salida,Permitido
User_012,06E9,2026-05-10,14:19:12,Salida,Permitido
User_007,05BA,2026-04-09,08:41:12,Salida,Permitido
User_042,0E1C,2026-04-11,21:24:12,Entrada,Permitido
User_047,06EF,2026-02-15,05:43:12,Salida,Permitido
User_005,1A4E,2026-03-05,12:38:12,Entrada,Permitido
User_019,15B3,2026-04-15,11:02:12,Entrada,Permitido
User_010,246A,2026-05-01,14:11:12,Entrada,Permitido
User_032,221E,2026-02-28,14:45:12,Salida,Permitido
User_003,18F6,2026-04-17,16:50:12,Salida,Permitido
User_019,15B3,2026-05-04,16:55:12,Entrada,Permitido
User_049,1038,2026-04-15,05:46:12,Salida,Permitido
User_039,2640,2026-03-06,17:51:12,Entrada,Permitido
User_013,1F0D,2026-04-09,14:27:12,Salida,Permitido
User_027,04A5,2026-04-14,15:58:12,Salida,Permitido
User_032,221E,2026-02-19,10:41:12,Entrada,Permitido
User_004,182F,2026-04-08,19:05:12,Entrada,Permitido
User_024,2291,2026-05-07,10:05:12,Entrada,Permitido
User_029,0FA5,2026-03-04,09:22:12,Entrada,Permitido
User_042,0E1C,2026-03-14,11:45:12,Salida,Permitido
User_046,1FA3,2026-04-18,18:06:12,Salida,Permitido
User_004,182F,2026-04-28,20:51:12,Entrada,Permitido
User_010,246A,2026-04-28,16:56:12,Salida,Permitido
User_017,1CFC,2026-05-11,02:16:12,Entrada,Permitido
User_022,25C2,2026-04-14,09:46:12,Salida,Permitido
User_039,2640,2026-04-14,13:21:12,Salida,Denegado
User_009,19B2,2026-03-14,08:34:12,Entrada,Permitido
User_049,1038,2026-04-07,17:54:12,Entrada,Permitido
User_021,1CE4,2026-04-03,17:35:12,Entrada,Permitido
User_024,2291,2026-04-15,01:39:12,Entrada,Permitido
User_010,246A,2026-02-14,13:05:12,Entrada,Permitido
User_026,0EA3,2026-05-01,15:00:12,Salida,Permitido
User_050,0A19,2026-02-27,14:00:12,Entrada,Permitido
User_007,05BA,2026-04-23,17:39:12,Entrada,Permitido
User_020,1121,2026-02-26,19:36:12,Salida,Permitido
User_039,2640,2026-04-12,10:26:12,Entrada,Permitido
User_039,2640,2026-03-19,13:24:12,Salida,Permitido
User_029,0FA5,2026-03-11,16:39:12,Entrada,Permitido
User_025,0BE7,2026-02-27,14:00:12,Salida,Permitido
User_009,19B2,2026-05-10,11:27:12,Entrada,Permitido
User_021,1CE4,2026-04-24,19:06:12,Entrada,Permitido
User_035,11CC,2026-02-19,18:05:12,Entrada,Permitido
User_048,240A,2026-03-29,15:05:12,Entrada,Permitido
User_022,25C2,2026-03-30,17:12:12,Salida,Permitido
User_013,1F0D,2026-04-06,10:35:12,Entrada,Permitido
User_002,0744,2026-04-21,10:23:12,Entrada,Permitido
User_023,0DE6,2026-03-09,09:35:12,Entrada,Permitido
User_021,1CE4,2026-03-31,14:55:12,Salida,Permitido
User_042,0E1C,2026-03-05,17:20:12,Salida,Permitido
User_046,1FA3,2026-02-26,17:14:12,Entrada,Permitido
User_014,0D69,2026-03-12,17:33:12,Salida,Permitido
User_050,0A19,2026-04-17,16:45:12,Entrada,Permitido
User_013,1F0D,2026-05-11,16:07:12,Salida,Permitido
User_015,18A7,2026-04-05,15:44:12,Salida,Permitido
User_039,2640,2026-03-10,13:28:12,Salida,Permitido
User_020,1121,2026-03-29,06:15:12,Salida,Permitido
User_006,1C61,2026-02-19,09:31:12,Entrada,Permitido
User_004,182F,2026-04-01,12:42:12,Entrada,Permitido
User_026,0EA3,2026-04-12,12:09:12,Entrada,Permitido
User_040,24D9,2026-04-04,05:38:12,Salida,Permitido
User_032,221E,2026-02-25,07:56:12,Salida,Permitido
User_024,2291,2026-03-06,16:08:12,Entrada,Permitido
User_011,0A7D,2026-05-11,11:12:12,Entrada,Permitido
User_026,0EA3,2026-04-04,13:02:12,Entrada,Permitido
User_025,0BE7,2026-05-04,14:29:12,Entrada,Permitido
User_016,17A3,2026-03-22,08:45:12,Salida,Permitido
User_049,1038,2026-02-16,14:50:12,Salida,Permitido
User_004,182F,2026-02-19,16:34:12,Salida,Permitido
User_006,1C61,2026-04-02,08:53:12,Entrada,Permitido
User_014,0D69,2026-02-21,11:08:12,Entrada,Permitido
User_005,1A4E,2026-04-25,13:43:12,Entrada,Permitido
User_048,240A,2026-04-05,14:52:12,Entrada,Permitido
User_032,221E,2026-04-27,15:57:12,Salida,Permitido
User_028,0E96,2026-02-23,09:40:12,Salida,Denegado
User_034,09E0,2026-03-01,14:20:12,Salida,Permitido
User_045,1956,2026-02-12,12:08:12,Entrada,Permitido
User_014,0D69,2026-03-09,14:49:12,Salida,Permitido
User_004,182F,2026-04-09,10:00:12,Salida,Permitido
User_004,182F,2026-05-11,09:03:12,Salida,Permitido
User_035,11CC,2026-04-05,13:04:12,Salida,Permitido
User_007,05BA,2026-03-05,10:51:12,Salida,Permitido
User_041,2141,2026-05-10,12:42:12,Entrada,Permitido
User_030,161A,2026-05-03,18:19:12,Salida,Permitido
User_015,18A7,2026-03-01,15:42:12,Salida,Permitido
User_020,1121,2026-03-17,12:10:12,Entrada,Permitido
User_045,1956,2026-05-03,17:41:12,Entrada,Permitido
User_027,04A5,2026-05-04,13:21:12,Entrada,Permitido
User_024,2291,2026-04-24,15:44:12,Entrada,Permitido
User_044,1C43,2026-02-27,14:42:12,Salida,Permitido
User_005,1A4E,2026-04-15,17:52:12,Entrada,Permitido
User_002,0744,2026-02-22,05:51:12,Salida,Permitido
User_030,161A,2026-04-08,12:15:12,Entrada,Permitido
User_027,04A5,2026-04-13,14:13:12,Entrada,Permitido
User_049,1038,2026-05-08,11:35:12,Salida,Permitido
User_048,240A,2026-03-05,12:23:12,Salida,Permitido
User_006,1C61,2026-04-02,17:32:12,Entrada,Permitido
User_022,25C2,2026-02-14,18:24:12,Entrada,Permitido
User_028,0E96,2026-05-11,11:46:12,Entrada,Permitido
User_037,266E,2026-02-14,04:06:12,Salida,Permitido
User_030,161A,2026-03-19,12:39:12,Entrada,Permitido
User_020,1121,2026-04-12,15:22:12,Entrada,Permitido
User_023,0DE6,2026-04-03,08:13:12,Salida,Permitido
User_015,18A7,2026-04-07,13:05:12,Entrada,Permitido
User_022,25C2,2026-04-12,19:40:12,Salida,Permitido
User_029,0FA5,2026-02-15,11:03:12,Entrada,Permitido
User_038,18F9,2026-03-26,14:24:12,Salida,Permitido
User_028,0E96,2026-04-30,05:06:12,Entrada,Permitido
User_005,1A4E,2026-04-14,17:18:12,Entrada,Permitido
User_028,0E96,2026-02-22,08:23:12,Entrada,Permitido
User_006,1C61,2026-05-06,13:44:12,Salida,Permitido
User_043,1F69,2026-02-28,10:21:12,Salida,Permitido
User_008,1532,2026-03-16,10:21:12,Entrada,Permitido
User_041,2141,2026-03-18,07:13:12,Entrada,Permitido
User_019,15B3,2026-03-08,15:07:12,Entrada,Permitido
User_050,0A19,2026-04-26,08:22:12,Entrada,Permitido
User_008,1532,2026-05-09,19:04:12,Salida,Permitido
User_005,1A4E,2026-02-13,07:20:12,Entrada,Permitido
User_019,15B3,2026-03-03,10:26:12,Entrada,Permitido
User_033,08DB,2026-02-28,13:29:12,Salida,Permitido
User_050,0A19,2026-02-25,13:36:12,Salida,Permitido
User_025,0BE7,2026-03-15,18:11:12,Entrada,Permitido
User_043,1F69,2026-02-19,12:37:12,Salida,Permitido
User_038,18F9,2026-03-03,08:08:12,Salida,Permitido
User_029,0FA5,2026-04-25,12:04:12,Entrada,Permitido
User_014,0D69,2026-03-23,15:53:12,Entrada,Permitido
User_011,0A7D,2026-02-21,11:12:12,Salida,Permitido
User_003,18F6,2026-04-03,11:56:12,Entrada,Permitido
User_010,246A,2026-02-27,14:26:12,Salida,Permitido
User_007,05BA,2026-02-27,13:23:12,Entrada,Denegado
User_014,0D69,2026-02-13,13:41:12,Entrada,Permitido
User_035,11CC,2026-03-08,09:06:12,Entrada,Permitido
User_037,266E,2026-04-23,20:41:12,Entrada,Permitido
User_046,1FA3,2026-04-03,14:54:12,Entrada,Permitido
User_004,182F,2026-02-21,17:55:12,Entrada,Permitido
User_049,1038,2026-04-16,12:46:12,Salida,Permitido
User_025,0BE7,2026-04-15,17:45:12,Entrada,Permitido
User_049,1038,2026-03-19,18:53:12,Salida,Permitido
User_038,18F9,2026-02-11,15:54:12,Entrada,Permitido
User_036,131A,2026-03-16,17:28:12,Entrada,Permitido
User_025,0BE7,2026-04-02,18:05:12,Entrada,Permitido
User_029,0FA5,2026-04-02,11:35:12,Salida,Permitido
User_011,0A7D,2026-03-09,11:39:12,Entrada,Permitido
User_006,1C61,2026-03-24,09:10:12,Entrada,Permitido
User_003,18F6,2026-02-16,12:24:12,Entrada,Permitido
User_041,2141,2026-04-27,08:08:12,Salida,Permitido
User_028,0E96,2026-04-04,14:28:12,Entrada,Permitido
User_034,09E0,2026-04-05,18:57:12,Entrada,Denegado
User_034,09E0,2026-04-07,09:52:12,Salida,Denegado
User_038,18F9,2026-03-08,14:46:12,Entrada,Permitido
User_047,06EF,2026-03-03,06:30:12,Salida,Permitido
User_010,246A,2026-04-25,13:01:12,Salida,Permitido
User_001,204E,2026-03-25,11:51:12,Salida,Permitido
User_041,2141,2026-03-24,02:24:12,Salida,Permitido
User_004,182F,2026-03-10,15:24:12,Salida,Permitido
User_033,08DB,2026-02-24,13:27:12,Entrada,Permitido
User_027,04A5,2026-03-17,17:52:12,Entrada,Permitido
User_010,246A,2026-02-11,08:39:12,Entrada,Permitido
User_007,05BA,2026-02-13,11:37:12,Entrada,Permitido
User_040,24D9,2026-04-13,15:50:12,Salida,Permitido
User_011,0A7D,2026-04-27,18:07:12,Entrada,Permitido
User_009,19B2,2026-04-25,14:40:12,Salida,Permitido
User_011,0A7D,2026-03-21,15:36:12,Salida,Permitido
User_021,1CE4,2026-02-20,23:52:12,Salida,Permitido
User_028,0E96,2026-03-23,17:51:12,Entrada,Permitido
User_042,0E1C,2026-02-25,09:11:12,Salida,Permitido
User_048,240A,2026-04-12,14:00:12,Entrada,Permitido
User_014,0D69,2026-02-28,11:55:12,Entrada,Permitido
User_005,1A4E,2026-04-16,13:30:12,Salida,Permitido
User_044,1C43,2026-04-13,07:02:12,Salida,Permitido
User_028,0E96,2026-04-18,17:40:12,Salida,Permitido
User_043,1F69,2026-04-19,16:24:12,Entrada,Permitido
User_049,1038,2026-03-24,22:39:12,Salida,Permitido
User_038,18F9,2026-05-01,21:09:12,Salida,Permitido
User_038,18F9,2026-04-26,16:02:12,Entrada,Permitido
User_018,0888,2026-02-27,11:46:12,Salida,Permitido
User_031,0B53,2026-02-19,15:53:12,Salida,Permitido
User_030,161A,2026-03-08,22:00:12,Salida,Permitido
User_041,2141,2026-03-20,09:58:12,Entrada,Permitido
User_050,0A19,2026-03-04,09:58:12,Salida,Permitido
User_048,240A,2026-03-02,13:10:12,Salida,Permitido
User_035,11CC,2026-04-24,16:41:12,Salida,Permitido
User_012,06E9,2026-05-09,17:37:12,Entrada,Permitido
User_030,161A,2026-03-05,15:21:12,Salida,Permitido
User_043,1F69,2026-05-07,15:58:12,Salida,Permitido
User_035,11CC,2026-04-11,15:48:12,Entrada,Permitido
User_012,06E9,2026-03-17,10:51:12,Entrada,Permitido
User_015,18A7,2026-03-27,07:36:12,Entrada,Permitido
User_050,0A19,2026-02-23,20:18:12,Salida,Permitido
User_037,266E,2026-03-26,17:43:12,Entrada,Permitido
User_020,1121,2026-04-29,13:28:12,Entrada,Permitido
User_041,2141,2026-03-18,19:09:12,Salida,Permitido
User_022,25C2,2026-04-03,12:10:12,Salida,Permitido
User_029,0FA5,2026-04-08,19:43:12,Entrada,Permitido
User_016,17A3,2026-05-08,09:30:12,Entrada,Permitido
User_017,1CFC,2026-03-08,17:24:12,Entrada,Permitido
User_044,1C43,2026-03-17,21:32:12,Entrada,Permitido
User_011,0A7D,2026-03-27,10:43:12,Entrada,Permitido
User_036,131A,2026-03-19,11:00:12,Salida,Permitido
User_033,08DB,2026-04-23,11:06:12,Salida,Permitido
User_004,182F,2026-04-08,12:40:12,Entrada,Permitido
User_008,1532,2026-03-01,08:43:12,Salida,Permitido
User_041,2141,2026-05-06,11:36:12,Entrada,Permitido
User_047,06EF,2026-05-10,19:00:12,Salida,Permitido
User_043,1F69,2026-02-26,11:58:12,Entrada,Permitido
User_033,08DB,2026-02-25,18:13:12,Entrada,Permitido
User_044,1C43,2026-04-04,09:55:12,Entrada,Denegado
User_032,221E,2026-02-23,14:16:12,Entrada,Permitido
User_013,1F0D,2026-03-23,12:56:12,Entrada,Permitido
User_020,1121,2026-03-26,10:47:12,Entrada,Denegado
User_018,0888,2026-03-02,00:36:12,Salida,Permitido
User_006,1C61,2026-04-21,16:01:12,Salida,Denegado
User_003,18F6,2026-03-27,13:33:12,Salida,Permitido
User_014,0D69,2026-03-21,12:14:12,Salida,Permitido
User_030,161A,2026-02-15,09:02:12,Entrada,Permitido
User_025,0BE7,2026-03-03,13:39:12,Entrada,Permitido
User_047,06EF,2026-03-17,12:03:12,Entrada,Permitido
User_023,0DE6,2026-02-13,15:20:12,Salida,Permitido
User_025,0BE7,2026-04-21,05:18:12,Salida,Permitido
User_032,221E,2026-04-12,13:39:12,Entrada,Permitido
User_017,1CFC,2026-02-20,13:18:12,Entrada,Permitido
User_008,1532,2026-02-15,14:18:12,Salida,Permitido
User_002,0744,2026-02-22,11:17:12,Salida,Permitido
User_018,0888,2026-04-08,18:43:12,Entrada,Permitido
User_014,0D69,2026-03-12,06:56:12,Salida,Permitido
User_028,0E96,2026-04-12,18:30:12,Salida,Permitido
User_044,1C43,2026-04-17,15:40:12,Salida,Permitido
User_013,1F0D,2026-04-14,14:56:12,Salida,Permitido
User_036,131A,2026-04-10,09:01:12,Entrada,Denegado
User_029,0FA5,2026-02-15,10:14:12,Salida,Permitido
User_017,1CFC,2026-03-22,06:13:12,Entrada,Permitido
User_041,2141,2026-05-06,09:16:12,Entrada,Permitido
User_006,1C61,2026-02-26,19:57:12,Salida,Permitido
User_019,15B3,2026-04-27,15:56:12,Entrada,Permitido
User_020,1121,2026-02-19,09:50:12,Salida,Permitido
User_045,1956,2026-03-20,11:37:12,Salida,Permitido
User_003,18F6,2026-02-22,16:54:12,Entrada,Permitido
User_029,0FA5,2026-04-06,12:03:12,Entrada,Permitido
User_048,240A,2026-04-11,15:03:12,Entrada,Permitido
User_021,1CE4,2026-02-11,14:55:12,Salida,Permitido
User_018,0888,2026-04-13,12:53:12,Entrada,Permitido
User_029,0FA5,2026-02-25,09:09:12,Salida,Permitido
User_015,18A7,2026-05-08,16:00:12,Entrada,Permitido
User_039,2640,2026-04-16,15:23:12,Entrada,Permitido
User_043,1F69,2026-03-22,14:42:12,Entrada,Permitido
User_023,0DE6,2026-04-13,14:34:12,Salida,Permitido
User_013,1F0D,2026-04-14,09:27:12,Entrada,Permitido
User_050,0A19,2026-05-10,19:32:12,Entrada,Permitido
User_017,1CFC,2026-03-24,08:57:12,Salida,Permitido
User_026,0EA3,2026-03-11,17:33:12,Salida,Permitido
User_031,0B53,2026-04-02,09:46:12,Entrada,Permitido
User_049,1038,2026-03-22,11:25:12,Salida,Permitido
User_047,06EF,2026-05-11,11:05:12,Entrada,Permitido
User_001,204E,2026-05-07,11:02:12,Entrada,Permitido
User_045,1956,2026-03-22,14:04:12,Salida,Permitido
User_033,08DB,2026-05-03,16:32:12,Salida,Permitido
User_039,2640,2026-03-03,12:19:12,Entrada,Permitido
User_045,1956,2026-03-04,12:55:12,Salida,Denegado
User_035,11CC,2026-04-11,14:14:12,Salida,Permitido
User_009,19B2,2026-04-20,16:39:12,Entrada,Permitido
User_031,0B53,2026-04-10,06:05:12,Entrada,Permitido
User_023,0DE6,2026-05-07,09:12:12,Entrada,Permitido
User_028,0E96,2026-02-21,14:36:12,Salida,Permitido
User_020,1121,2026-02-26,11:39:12,Entrada,Denegado
User_040,24D9,2026-04-17,16:26:12,Salida,Permitido
User_036,131A,2026-04-01,07:35:12,Salida,Permitido
User_013,1F0D,2026-04-03,18:57:12,Entrada,Permitido
User_001,204E,2026-02-21,09:17:12,Salida,Permitido
User_037,266E,2026-04-06,05:18:12,Entrada,Permitido
User_010,246A,2026-02-12,09:11:12,Salida,Denegado
User_007,05BA,2026-05-08,05:12:12,Salida,Permitido
User_030,161A,2026-02-14,10:45:12,Salida,Permitido
User_028,0E96,2026-04-19,15:44:12,Entrada,Permitido
User_049,1038,2026-03-12,10:19:12,Salida,Permitido
User_024,2291,2026-05-10,16:11:12,Salida,Denegado
User_001,204E,2026-04-14,09:04:12,Salida,Permitido
User_040,24D9,2026-02-13,09:37:12,Entrada,Permitido
User_022,25C2,2026-02-13,16:46:12,Entrada,Permitido
User_015,18A7,2026-04-26,01:56:12,Entrada,Permitido
User_029,0FA5,2026-05-05,15:32:12,Entrada,Permitido
User_043,1F69,2026-03-15,07:19:12,Salida,Permitido
User_007,05BA,2026-04-28,09:50:12,Entrada,Permitido
User_042,0E1C,2026-03-02,13:53:12,Salida,Permitido
User_037,266E,2026-04-03,15:20:12,Salida,Permitido
User_007,05BA,2026-02-12,17:05:12,Entrada,Permitido
User_023,0DE6,2026-05-02,09:24:12,Salida,Permitido
User_013,1F0D,2026-03-20,10:05:12,Entrada,Permitido
User_016,17A3,2026-02-14,17:42:12,Entrada,Permitido
User_001,204E,2026-04-15,16:22:12,Salida,Permitido
User_030,161A,2026-03-06,13:14:12,Entrada,Permitido
User_001,204E,2026-03-20,06:23:12,Entrada,Permitido
User_035,11CC,2026-02-20,14:20:12,Entrada,Permitido
User_022,25C2,2026-04-24,15:16:12,Salida,Permitido
User_029,0FA5,2026-05-04,12:17:12,Salida,Permitido
User_005,1A4E,2026-04-23,08:56:12,Salida,Permitido
User_026,0EA3,2026-03-24,20:27:12,Salida,Permitido
User_003,18F6,2026-02-13,11:53:12,Salida,Permitido
User_046,1FA3,2026-03-11,11:08:12,Salida,Permitido
User_037,266E,2026-02-21,17:01:12,Entrada,Permitido
User_041,2141,2026-04-21,12:32:12,Salida,Permitido
User_017,1CFC,2026-03-09,18:12:12,Entrada,Denegado
User_037,266E,2026-04-20,12:52:12,Salida,Denegado
User_024,2291,2026-03-09,13:14:12,Salida,Permitido
User_025,0BE7,2026-05-10,13:01:12,Salida,Permitido
User_048,240A,2026-03-09,04:36:12,Entrada,Permitido
User_008,1532,2026-04-10,14:28:12,Salida,Permitido
User_037,266E,2026-02-18,16:29:12,Salida,Permitido
User_033,08DB,2026-04-17,10:10:12,Salida,Permitido
User_024,2291,2026-04-02,14:39:12,Salida,Permitido
User_042,0E1C,2026-02-26,16:23:12,Salida,Permitido
User_016,17A3,2026-03-06,17:40:12,Entrada,Permitido
User_039,2640,2026-03-13,13:26:12,Salida,Permitido
User_050,0A19,2026-05-07,07:43:12,Entrada,Permitido
User_027,04A5,2026-03-12,14:17:12,Salida,Permitido
User_004,182F,2026-02-25,11:03:12,Entrada,Permitido
User_005,1A4E,2026-02-16,14:09:12,Entrada,Denegado
User_047,06EF,2026-02-19,20:31:12,Entrada,Permitido
User_022,25C2,2026-02-28,14:09:12,Entrada,Permitido
User_035,11CC,2026-03-08,12:45:12,Salida,Permitido
User_005,1A4E,2026-04-12,16:55:12,Salida,Permitido
User_001,204E,2026-03-25,09:44:12,Entrada,Permitido
User_002,0744,2026-03-12,05:21:12,Salida,Permitido
User_029,0FA5,2026-03-12,12:33:12,Entrada,Permitido
User_024,2291,2026-02-21,10:22:12,Entrada,Permitido
User_032,221E,2026-04-12,13:51:12,Entrada,Permitido
User_042,0E1C,2026-03-21,10:13:12,Entrada,Permitido
User_019,15B3,2026-04-15,12:03:12,Salida,Permitido
User_005,1A4E,2026-02-26,14:16:12,Salida,Permitido
User_015,18A7,2026-03-13,16:43:12,Entrada,Denegado
User_034,09E0,2026-03-27,15:00:12,Entrada,Permitido
User_028,0E96,2026-04-09,17:07:12,Entrada,Permitido
User_049,1038,2026-05-08,14:21:12,Salida,Permitido
User_044,1C43,2026-02-19,11:45:12,Entrada,Permitido
User_018,0888,2026-02-26,08:34:12,Salida,Permitido
User_044,1C43,2026-02-15,13:46:12,Salida,Permitido
User_021,1CE4,2026-02-18,14:09:12,Entrada,Permitido
User_027,04A5,2026-03-20,15:57:12,Salida,Permitido
User_004,182F,2026-04-26,18:30:12,Entrada,Permitido
User_042,0E1C,2026-02-15,09:21:12,Salida,Permitido
User_007,05BA,2026-03-26,16:34:12,Salida,Permitido
User_044,1C43,2026-04-07,17:16:12,Entrada,Permitido
User_009,19B2,2026-04-04,14:35:12,Salida,Permitido
User_029,0FA5,2026-03-18,11:05:12,Salida,Permitido
User_015,18A7,2026-03-12,11:20:12,Entrada,Permitido
User_036,131A,2026-05-03,11:17:12,Salida,Permitido
User_038,18F9,2026-03-20,09:42:12,Entrada,Permitido
User_001,204E,2026-05-01,16:58:12,Salida,Permitido
User_043,1F69,2026-03-06,12:50:12,Entrada,Permitido
User_007,05BA,2026-04-30,14:26:12,Entrada,Permitido
User_011,0A7D,2026-02-13,11:20:12,Entrada,Permitido
User_011,0A7D,2026-02-27,17:51:12,Entrada,Permitido
User_041,2141,2026-04-01,11:10:12,Entrada,Permitido
User_044,1C43,2026-03-31,13:12:12,Salida,Permitido
User_036,131A,2026-03-15,08:54:12,Entrada,Permitido
User_008,1532,2026-04-03,12:37:12,Entrada,Permitido
User_035,11CC,2026-03-24,10:29:12,Entrada,Permitido
User_045,1956,2026-03-15,13:59:12,Entrada,Permitido
User_006,1C61,2026-03-19,11:33:12,Salida,Permitido
User_030,161A,2026-04-25,19:13:12,Salida,Permitido
User_021,1CE4,2026-05-03,09:16:12,Entrada,Permitido
User_046,1FA3,2026-03-05,13:05:12,Salida,Permitido
User_043,1F69,2026-02-25,17:13:12,Salida,Permitido
User_017,1CFC,2026-03-02,14:33:12,Entrada,Denegado
User_023,0DE6,2026-03-19,15:25:12,Entrada,Permitido
User_028,0E96,2026-05-07,18:14:12,Entrada,Permitido
User_018,0888,2026-02-21,17:47:12,Salida,Permitido
User_013,1F0D,2026-03-18,14:55:12,Entrada,Permitido
User_002,0744,2026-04-07,11:51:12,Entrada,Permitido
User_034,09E0,2026-03-05,10:36:12,Salida,Permitido
User_030,161A,2026-05-10,17:28:12,Salida,Permitido
User_033,08DB,2026-04-13,18:05:12,Entrada,Permitido
User_028,0E96,2026-03-06,14:18:12,Salida,Permitido
User_049,1038,2026-02-13,12:27:12,Salida,Permitido
User_024,2291,2026-03-15,07:25:12,Entrada,Permitido
User_015,18A7,2026-04-22,07:22:12,Entrada,Permitido
User_006,1C61,2026-05-06,16:19:12,Salida,Permitido
User_010,246A,2026-03-10,14:35:12,Entrada,Denegado
User_010,246A,2026-04-29,14:27:12,Entrada,Permitido
User_040,24D9,2026-03-01,21:43:12,Salida,Permitido
User_013,1F0D,2026-03-03,08:32:12,Entrada,Permitido
User_029,0FA5,2026-04-30,16:30:12,Entrada,Permitido
User_026,0EA3,2026-04-14,13:03:12,Entrada,Permitido
User_011,0A7D,2026-04-23,05:39:12,Salida,Permitido
User_031,0B53,2026-03-30,10:27:12,Entrada,Permitido
User_013,1F0D,2026-05-02,05:09:12,Entrada,Permitido
User_031,0B53,2026-05-07,11:57:12,Entrada,Permitido
User_041,2141,2026-04-01,09:38:12,Salida,Permitido
User_046,1FA3,2026-02-13,09:40:12,Entrada,Permitido
User_032,221E,2026-05-10,07:40:12,Salida,Permitido
User_045,1956,2026-03-09,12:16:12,Entrada,Permitido
User_035,11CC,2026-04-28,05:28:12,Entrada,Permitido
User_018,0888,2026-02-24,17:25:12,Salida,Permitido
User_011,0A7D,2026-02-21,11:33:12,Salida,Permitido
User_026,0EA3,2026-02-19,09:51:12,Entrada,Permitido
User_002,0744,2026-03-12,13:24:12,Salida,Permitido
User_037,266E,2026-03-26,14:17:12,Entrada,Permitido
User_008,1532,2026-03-06,13:09:12,Salida,Permitido
User_031,0B53,2026-04-01,17:27:12,Salida,Permitido
User_025,0BE7,2026-03-20,19:32:12,Salida,Permitido
User_013,1F0D,2026-04-15,03:43:12,Salida,Permitido
User_041,2141,2026-02-18,17:13:12,Entrada,Permitido
User_003,18F6,2026-03-28,14:59:12,Salida,Permitido
User_032,221E,2026-02-27,14:07:12,Salida,Permitido
User_031,0B53,2026-05-02,17:32:12,Entrada,Permitido
User_048,240A,2026-04-23,13:35:12,Entrada,Permitido
User_021,1CE4,2026-03-19,18:46:12,Salida,Permitido
User_046,1FA3,2026-03-24,09:50:12,Entrada,Permitido
User_026,0EA3,2026-02-22,15:29:12,Entrada,Permitido
User_050,0A19,2026-04-05,13:30:12,Salida,Permitido
User_017,1CFC,2026-02-20,10:23:12,Entrada,Permitido
User_023,0DE6,2026-02-12,11:48:12,Entrada,Permitido
User_044,1C43,2026-04-21,13:40:12,Entrada,Permitido
User_031,0B53,2026-03-23,09:30:12,Salida,Permitido
User_001,204E,2026-03-23,15:39:12,Salida,Permitido
User_011,0A7D,2026-03-04,13:04:12,Entrada,Permitido
User_005,1A4E,2026-05-09,13:41:12,Entrada,Permitido
User_034,09E0,2026-04-10,14:09:12,Entrada,Permitido
User_047,06EF,2026-03-19,13:05:12,Salida,Permitido
User_014,0D69,2026-02-15,12:12:12,Entrada,Permitido
User_043,1F69,2026-05-06,11:41:12,Salida,Permitido
User_010,246A,2026-05-09,16:59:12,Salida,Permitido
User_042,0E1C,2026-04-09,12:54:12,Salida,Permitido
User_047,06EF,2026-03-21,04:57:12,Entrada,Permitido
User_041,2141,2026-04-11,12:43:12,Entrada,Permitido
User_016,17A3,2026-03-25,14:11:12,Salida,Permitido
User_006,1C61,2026-03-29,16:59:12,Salida,Permitido
User_007,05BA,2026-05-02,18:08:12,Entrada,Permitido
User_005,1A4E,2026-02-15,07:16:12,Entrada,Permitido
User_030,161A,2026-02-11,09:01:12,Entrada,Permitido
User_049,1038,2026-03-22,10:26:12,Entrada,Permitido
User_033,08DB,2026-04-24,14:20:12,Salida,Permitido
User_006,1C61,2026-04-20,16:15:12,Entrada,Permitido
User_031,0B53,2026-02-24,15:57:12,Entrada,Permitido
User_035,11CC,2026-04-30,15:35:12,Entrada,Permitido
User_041,2141,2026-03-18,23:30:12,Entrada,Denegado
User_044,1C43,2026-04-21,16:09:12,Salida,Permitido
User_047,06EF,2026-05-09,17:03:12,Entrada,Permitido
User_026,0EA3,2026-03-20,16:02:12,Salida,Permitido
User_047,06EF,2026-02-15,12:08:12,Entrada,Permitido
User_039,2640,2026-05-02,11:55:12,Salida,Permitido
User_003,18F6,2026-04-01,10:30:12,Entrada,Permitido
User_006,1C61,2026-03-24,12:08:12,Entrada,Permitido
User_018,0888,2026-02-27,12:31:12,Salida,Permitido
User_041,2141,2026-05-10,07:36:12,Entrada,Permitido
User_010,246A,2026-02-28,14:07:12,Salida,Permitido
User_026,0EA3,2026-03-11,15:35:12,Salida,Permitido
User_004,182F,2026-04-09,15:26:12,Entrada,Permitido
User_013,1F0D,2026-04-07,11:50:12,Salida,Permitido
User_025,0BE7,2026-03-16,12:25:12,Salida,Permitido
User_026,0EA3,2026-03-20,17:33:12,Entrada,Permitido
User_036,131A,2026-04-28,13:42:12,Entrada,Denegado
User_037,266E,2026-02-17,19:11:12,Entrada,Permitido
User_045,1956,2026-04-19,11:44:12,Entrada,Permitido
User_026,0EA3,2026-04-04,17:42:12,Entrada,Permitido
User_036,131A,2026-03-31,14:09:12,Salida,Permitido
User_023,0DE6,2026-04-19,15:39:12,Entrada,Permitido
User_001,204E,2026-04-27,14:02:12,Salida,Permitido
User_017,1CFC,2026-04-15,10:17:12,Entrada,Permitido
User_038,18F9,2026-04-20,10:55:12,Entrada,Permitido
User_019,15B3,2026-03-30,19:28:12,Salida,Permitido
User_048,240A,2026-04-30,12:07:12,Salida,Denegado
User_026,0EA3,2026-03-08,12:28:12,Salida,Denegado
User_023,0DE6,2026-03-07,06:12:12,Entrada,Permitido
User_025,0BE7,2026-04-25,20:06:12,Entrada,Permitido
User_012,06E9,2026-05-03,13:32:12,Salida,Permitido
User_002,0744,2026-04-11,17:56:12,Salida,Permitido
User_026,0EA3,2026-03-24,07:24:12,Entrada,Permitido
User_010,246A,2026-02-22,04:57:12,Salida,Permitido
User_028,0E96,2026-03-03,12:50:12,Salida,Permitido
User_012,06E9,2026-03-20,16:09:12,Entrada,Permitido
User_048,240A,2026-02-17,07:11:12,Entrada,Permitido
User_009,19B2,2026-02-23,08:50:12,Entrada,Denegado
User_019,15B3,2026-02-12,14:06:12,Entrada,Permitido
User_028,0E96,2026-03-06,18:53:12,Entrada,Permitido
User_041,2141,2026-04-02,10:21:12,Entrada,Permitido
User_032,221E,2026-04-13,12:56:12,Salida,Permitido
User_013,1F0D,2026-05-08,18:58:12,Entrada,Permitido
User_037,266E,2026-04-23,07:36:12,Entrada,Permitido
User_011,0A7D,2026-03-17,16:00:12,Salida,Permitido
User_042,0E1C,2026-04-18,21:31:12,Entrada,Permitido
User_020,1121,2026-03-06,13:36:12,Entrada,Permitido
User_044,1C43,2026-04-09,16:39:12,Salida,Permitido
User_029,0FA5,2026-04-30,12:30:12,Entrada,Permitido
User_026,0EA3,2026-02-12,15:44:12,Salida,Permitido
User_025,0BE7,2026-03-12,04:01:12,Entrada,Permitido
User_029,0FA5,2026-03-13,13:56:12,Salida,Permitido
User_044,1C43,2026-04-04,11:03:12,Entrada,Permitido
User_014,0D69,2026-02-11,11:54:12,Salida,Permitido
User_041,2141,2026-02-28,18:47:12,Salida,Permitido
User_011,0A7D,2026-03-07,09:56:12,Entrada,Permitido
User_047,06EF,2026-03-06,14:07:12,Salida,Permitido
User_046,1FA3,2026-03-10,10:40:12,Entrada,Permitido
User_003,18F6,2026-04-24,09:45:12,Entrada,Denegado
User_001,204E,2026-03-22,20:16:12,Salida,Permitido
User_017,1CFC,2026-05-08,15:24:12,Entrada,Permitido
User_027,04A5,2026-04-10,18:19:12,Salida,Permitido
User_042,0E1C,2026-02-14,12:23:12,Entrada,Denegado
User_045,1956,2026-02-22,17:19:12,Salida,Permitido
User_041,2141,2026-05-02,12:44:12,Entrada,Permitido
User_009,19B2,2026-03-14,08:47:12,Entrada,Permitido
User_003,18F6,2026-04-09,12:28:12,Salida,Permitido
User_021,1CE4,2026-02-11,18:12:12,Entrada,Permitido
User_041,2141,2026-02-14,17:39:12,Salida,Permitido
User_023,0DE6,2026-04-14,18:49:12,Entrada,Permitido
User_029,0FA5,2026-02-19,12:24:12,Salida,Permitido
User_020,1121,2026-04-13,04:21:12,Salida,Permitido
User_038,18F9,2026-03-02,12:34:12,Entrada,Permitido
User_043,1F69,2026-03-17,19:12:12,Salida,Permitido
User_023,0DE6,2026-04-25,16:11:12,Entrada,Permitido
User_042,0E1C,2026-03-26,15:44:12,Entrada,Permitido
User_029,0FA5,2026-04-21,18:06:12,Entrada,Permitido
User_046,1FA3,2026-03-26,08:50:12,Entrada,Permitido
User_037,266E,2026-02-19,10:10:12,Entrada,Permitido
User_024,2291,2026-02-25,11:40:12,Salida,Denegado
User_027,04A5,2026-04-12,18:32:12,Salida,Permitido
User_020,1121,2026-02-12,08:02:12,Salida,Permitido
User_006,1C61,2026-04-21,08:35:12,Entrada,Permitido
User_044,1C43,2026-02-22,16:37:12,Entrada,Permitido
User_012,06E9,2026-03-15,11:20:12,Entrada,Permitido
User_020,1121,2026-04-25,17:43:12,Salida,Permitido
User_047,06EF,2026-04-10,12:55:12,Entrada,Permitido
User_005,1A4E,2026-04-18,15:04:12,Entrada,Permitido
User_006,1C61,2026-03-30,08:22:12,Salida,Permitido
User_011,0A7D,2026-04-10,17:08:12,Salida,Permitido
User_042,0E1C,2026-03-09,12:07:12,Salida,Permitido
User_045,1956,2026-04-14,13:09:12,Entrada,Permitido
User_040,24D9,2026-03-01,21:47:12,Entrada,Permitido
User_049,1038,2026-04-26,15:18:12,Salida,Permitido
User_047,06EF,2026-03-22,09:41:12,Salida,Permitido
User_037,266E,2026-03-04,08:42:12,Salida,Permitido
User_012,06E9,2026-04-14,06:05:12,Salida,Permitido
User_037,266E,2026-02-25,15:18:12,Salida,Permitido
User_043,1F69,2026-02-17,16:14:12,Salida,Permitido
User_020,1121,2026-05-01,14:57:12,Entrada,Denegado
User_004,182F,2026-03-17,14:24:12,Salida,Permitido
User_005,1A4E,2026-03-04,16:39:12,Entrada,Permitido
User_029,0FA5,2026-03-19,16:31:12,Salida,Permitido
User_018,0888,2026-04-07,06:09:12,Entrada,Permitido
User_022,25C2,2026-04-11,15:39:12,Entrada,Permitido
User_022,25C2,2026-04-30,10:54:12,Salida,Permitido
User_032,221E,2026-02-12,11:30:12,Entrada,Permitido
User_030,161A,2026-05-03,17:43:12,Salida,Permitido
User_019,15B3,2026-02-13,09:05:12,Salida,Permitido
User_017,1CFC,2026-04-20,16:30:12,Salida,Permitido
User_024,2291,2026-04-25,14:04:12,Salida,Permitido
User_005,1A4E,2026-03-21,11:18:12,Entrada,Permitido
User_032,221E,2026-05-03,07:57:12,Entrada,Permitido
User_016,17A3,2026-03-30,07:18:12,Entrada,Denegado
User_044,1C43,2026-03-13,12:58:12,Entrada,Permitido
User_002,0744,2026-05-07,15:10:12,Salida,Denegado
User_013,1F0D,2026-02-28,19:03:12,Salida,Permitido
User_049,1038,2026-02-11,11:44:12,Entrada,Permitido
User_011,0A7D,2026-04-04,15:13:12,Salida,Permitido
User_031,0B53,2026-04-11,09:04:12,Salida,Permitido
User_013,1F0D,2026-02-25,08:31:12,Entrada,Permitido
User_041,2141,2026-05-05,17:12:12,Entrada,Permitido
User_024,2291,2026-03-07,09:36:12,Entrada,Permitido
User_011,0A7D,2026-02-20,12:28:12,Entrada,Permitido
User_020,1121,2026-02-15,17:43:12,Entrada,Permitido
User_007,05BA,2026-03-28,09:25:12,Entrada,Permitido
User_038,18F9,2026-04-16,13:50:12,Entrada,Permitido
User_021,1CE4,2026-04-14,15:49:12,Entrada,Permitido
User_008,1532,2026-03-12,09:01:12,Salida,Permitido
User_020,1121,2026-02-14,15:19:12,Salida,Permitido
User_049,1038,2026-02-16,00:15:12,Salida,Permitido
User_024,2291,2026-03-13,14:09:12,Entrada,Permitido
User_049,1038,2026-02-12,06:18:12,Entrada,Permitido
User_048,240A,2026-04-08,14:58:12,Entrada,Permitido
User_019,15B3,2026-02-19,08:17:12,Salida,Permitido
User_014,0D69,2026-04-16,08:36:12,Salida,Denegado
User_027,04A5,2026-03-31,17:32:12,Entrada,Permitido
User_004,182F,2026-03-16,12:06:12,Salida,Permitido
User_046,1FA3,2026-03-02,15:07:12,Salida,Permitido
User_047,06EF,2026-04-10,19:59:12,Entrada,Permitido
User_014,0D69,2026-04-12,12:38:12,Salida,Permitido
User_023,0DE6,2026-03-27,13:32:12,Entrada,Permitido
User_027,04A5,2026-03-26,19:26:12,Entrada,Permitido
User_019,15B3,2026-04-01,19:22:12,Entrada,Permitido
User_023,0DE6,2026-02-22,09:45:12,Entrada,Permitido
User_021,1CE4,2026-04-01,16:10:12,Entrada,Permitido
User_042,0E1C,2026-03-28,10:33:12,Entrada,Permitido
User_036,131A,2026-04-22,15:27:12,Entrada,Permitido
User_043,1F69,2026-04-27,14:04:12,Entrada,Permitido
User_027,04A5,2026-04-03,08:02:12,Entrada,Permitido
User_027,04A5,2026-02-18,16:11:12,Entrada,Permitido
User_019,15B3,2026-03-18,11:38:12,Salida,Permitido
User_006,1C61,2026-04-27,01:53:12,Salida,Permitido
User_045,1956,2026-04-19,08:42:12,Entrada,Permitido
User_008,1532,2026-03-10,14:17:12,Entrada,Permitido
User_007,05BA,2026-03-22,05:21:12,Salida,Permitido
User_001,204E,2026-03-23,11:03:12,Salida,Permitido
User_007,05BA,2026-03-17,01:41:12,Salida,Permitido
User_028,0E96,2026-03-19,11:20:12,Entrada,Permitido
User_046,1FA3,2026-03-29,17:37:12,Entrada,Permitido
User_029,0FA5,2026-04-09,09:08:12,Entrada,Denegado
User_023,0DE6,2026-02-16,11:22:12,Entrada,Permitido
User_031,0B53,2026-03-12,16:51:12,Salida,Permitido
User_003,18F6,2026-03-20,16:42:12,Entrada,Permitido
User_046,1FA3,2026-03-25,16:21:12,Entrada,Permitido
User_018,0888,2026-03-27,12:35:12,Salida,Permitido
User_044,1C43,2026-04-14,10:59:12,Entrada,Permitido
User_005,1A4E,2026-04-28,10:56:12,Entrada,Permitido
User_005,1A4E,2026-03-29,22:44:12,Salida,Permitido
User_032,221E,2026-03-06,13:03:12,Entrada,Permitido
User_026,0EA3,2026-04-11,13:11:12,Entrada,Permitido
User_021,1CE4,2026-04-18,10:55:12,Salida,Permitido
User_042,0E1C,2026-03-04,08:54:12,Entrada,Permitido
User_013,1F0D,2026-03-01,09:53:12,Salida,Permitido
User_031,0B53,2026-04-27,18:49:12,Salida,Permitido
User_050,0A19,2026-03-06,12:28:12,Entrada,Permitido
User_021,1CE4,2026-05-09,15:38:12,Salida,Permitido
User_038,18F9,2026-03-24,08:32:12,Salida,Permitido
User_030,161A,2026-04-08,17:04:12,Entrada,Permitido
User_042,0E1C,2026-04-28,20:41:12,Entrada,Permitido
User_027,04A5,2026-03-17,11:18:12,Entrada,Permitido
User_015,18A7,2026-02-15,16:48:12,Salida,Permitido
